gene_id,Flight_Rep1,Flight_Rep2,Flight_Rep3,GC_Rep1,GC_Rep2,GC_Rep3,Flight_Mean,GC_Mean,log2FC,p_value
b0001,2246.237850302585,1836.5180889081464,1604.9701252079858,2249.622235130436,1374.0671565037808,2077.5202588598345,1895.9086881395724,1900.4032168313504,-0.003414273205244159,0.9897621776900695
b0002,1529.3534299932494,1933.9091996835784,1590.7488709339912,3229.714974659313,2200.975834519529,882.8448663380972,1684.6705002036063,2104.51189183898,-0.32084846509637227,0.6016405388542424
b0003,1794.2023963853096,1685.4624885217618,2090.524378277237,1718.655496403998,1503.6573224614726,1717.092767556666,1856.7297543947695,1646.468528807379,0.17328974080668996,0.22489220021883477
b0004,2443.3810658876523,2917.7581758843708,1909.7112882221604,2998.165569801167,1880.0858997671487,2128.1420975260094,2423.6168433313946,2335.464522364775,0.05342964848620037,0.8534478579582704
b0005,2451.3464483355338,2174.4056160882164,1525.7374228243004,1702.6865719310222,1727.868879435892,1457.9089535858484,2050.4964957493503,1629.4881349842542,0.33137274722839277,0.26094310444430246
b0006,955.8458937457808,1983.5985419159413,1873.1423486604597,1237.5916466556082,3005.257658161712,1162.2774157753847,1604.1955947740607,1801.7089068642351,-0.16741735385371975,0.7913061395073989
b0007,1913.683133103532,1641.735867357282,1568.4011856462848,1778.538963177656,1186.8813612315591,2024.873546647012,1707.9400620356998,1663.4312903520756,0.038072482408708294,0.880621780882013
b0008,2301.995527437756,2017.3872946339488,2058.018654222392,1529.0245182874128,1454.2896401918758,2502.7437036557067,2125.8004920980325,1828.6859540449984,0.21708865870421573,0.4749576448538277
b0009,1740.436064862109,1528.4441670674942,1824.3837625781916,4153.916478532776,1941.7955026041448,2375.176670216945,1697.7546648359319,2823.6295504512887,-0.7335841581086198,0.23674794935150612
b0010,1654.808203547383,2490.429832686047,2027.5445379209748,1269.5294956015591,2427.2443782551813,2340.7538199239457,2057.5941913848014,2012.509231260229,0.03194737439797194,0.9247514381899973
b0011,2519.0521991425267,2343.349379678252,3803.169714416898,1024.0072818295596,1952.0804364103112,1225.0484957214424,2888.5237644125586,1400.3787379871044,1.0439848225325241,0.06281842681184073
b0012,3500.785585843922,2305.585479581656,2204.294412469196,2503.128911138924,1310.3005669055517,2551.340668775235,2670.2218259649244,2121.5900489399037,0.33167402641193366,0.39883544804455057
b0013,2688.3165761600085,1568.1956408533845,1416.0306041391975,1856.3874699834123,1723.7549059134255,2049.172029206776,1890.8476070508634,1876.4381350345382,0.011030511620926026,0.9750003474210671
b0014,2045.1119434935767,1540.3696092032612,3577.661253786409,902.2442327231208,2116.639377308968,1632.0480785974917,2387.714268827749,1550.3105628765268,0.6227467590562991,0.31675928119160823
b0015,2220.35035734697,1472.792103767247,2431.834480853113,2279.563968517265,1882.1428865283824,2707.255931867054,2041.6589806557768,2289.6542623042337,-0.16531135523284207,0.5469088970839424
b0016,2246.237850302585,1852.4186784225024,1448.5363281940429,3583.0274286238982,1968.536330500177,1407.2871149196733,1849.0642856397099,2319.616958014583,-0.32693300842651074,0.5540591668307221
b0017,2070.999436449192,1474.7796774565418,1641.5390647696868,2034.0417547452655,2277.0843446851577,2844.9473330390515,1729.1060595584738,2385.357810823158,-0.46394989598589964,0.0988596962468554
b0018,2124.765767972392,1405.2145983312332,2096.619201537521,1940.224323466534,3803.368521520196,1490.3069303322006,1875.5331892803822,2411.29992510631,-0.3623394843126519,0.53534656298415
b0019,1413.8553844989674,1592.046525124919,2519.193614250509,1704.6826874901442,1310.3005669055517,3288.3946397547475,1841.6985079581318,2101.1259647168145,-0.19002907726560117,0.7324834437267751
b0020,1089.2660497477962,2838.2552283125897,1899.5532494550212,2087.9368748415586,2425.1873914939483,1320.2175524138518,1942.3581758384692,1944.447272916453,-0.001550054547079567,0.9974231220314982
b0021,2736.1088708472976,1864.3441205582697,2314.0012311542982,2848.4569028670207,1287.6737125319862,911.1930959911554,2304.8180741866217,1682.441237130054,0.4538653281066274,0.41242907542706747
b0022,1017.5776077168624,1760.9902887149542,2153.5042186335,1415.2459314174616,1557.138978253536,1433.6104710260845,1644.0240383551056,1468.6651268990272,0.16262120116069045,0.652245461997872
b0023,3458.9673279925446,2005.461852498181,1921.9009347427277,1754.585576468193,1193.0523215152589,2970.4894929311668,2462.110038411151,1972.7091303048728,0.31957168863898283,0.5362165317187448
b0024,4470.570898873496,2621.609696179486,1647.6338880299702,1367.3391579985348,2065.2147082781376,1413.3617355596143,2913.271494360984,1615.3052006120954,0.8504356432484407,0.2538379261579049
b0025,2473.251250067208,3261.6084241323247,1682.1712198382434,1413.2498158583398,1898.598780618248,1366.7896439867332,2472.3436313459256,1559.5460801544402,0.6644117348333174,0.17353487396604006
b0026,1925.6312067753545,2363.225116571197,1109.257833371595,1868.364163338144,1511.8852695064054,1933.7542370478964,1799.3713855727153,1771.334556630815,0.022643578890405858,0.9480584615808185
b0027,2485.19932373903,1268.0720137699104,2116.935279071799,1574.9351761472174,2114.5823905477346,1721.1425146499605,1956.7355388602464,1803.5533604483041,0.11754408712110553,0.7258709648742006
b0028,2562.8618026058757,1703.3506517254127,2051.923830962108,3261.652823605264,1217.7361626500572,2851.0219536789928,2106.045428431132,2443.470313311438,-0.21430046538976,0.6547742683561557
b0029,1680.695696502998,1470.804530077953,2752.82850589471,1666.7564918668272,2517.7517957494424,1376.914011719968,1968.1095774918867,1853.807433112079,0.0862739835055249,0.8382920188566939
b0030,1109.1795058674998,2973.410239184618,2125.06171008551,2407.31536430107,3303.520738540527,1559.1526309181993,2069.2171517125425,2423.329577919932,-0.227803736201342,0.656338893050041
b0031,1921.6485155514133,2722.975954333507,1468.8524057283212,1095.8674419579495,1744.3247735257576,1223.023622174795,2037.8256252044139,1354.4052792195007,0.5890140953579474,0.1973610524633731
b0032,3317.581789542648,2591.796090840068,4107.910877431073,1888.3253189293637,1826.6042439750856,1621.9237108642565,3339.0962526045964,1778.9510912562353,0.9080520779235434,0.06606435427693588
b0033,2700.264649831831,878.5075706681826,1269.754845892394,3135.8975433805813,1608.563647284366,2304.3060960842995,1616.175688797469,2349.5890955830823,-0.5395459441055472,0.3615406919934132
b0034,1638.87743865162,2635.522712004548,2251.021390798036,1203.657682150535,1125.171758394563,2298.2314754443582,2175.140513818068,1542.353638663152,0.49570304080520755,0.2597441677327487
b0035,1589.0937983523606,2142.604437059504,2094.587593784093,992.0694328836084,2104.297456741569,1340.4662878803215,1942.0952763986525,1478.9443925018331,0.39281367379168686,0.30086284290154375
b0036,2096.886929404807,2552.0446170541773,1619.191379481981,1878.3447411337536,1406.978944683512,1235.172863454677,2089.374308646988,1506.8321830906477,0.47128542851906563,0.1606507584847897
b0037,1387.9678915433526,2363.225116571197,2620.774001921901,1541.0012116421442,2493.0679546146443,1585.4759870246105,2123.9890033454835,1873.1817177604664,0.18119453417531253,0.6346277397626717
b0038,1867.8821840282133,2373.1629850176696,2511.0671832367984,2347.431897527412,2266.799410878992,2107.8933620595394,2250.7041174275605,2240.708223488648,0.006418752301941837,0.9651952780798658
b0039,1951.5186997309693,2293.660037445888,2131.156533345794,1636.814758479998,2721.39348511153,1214.9241279882071,2125.445090174217,1857.7107905265784,0.19414129268660438,0.6143997720867571
b0040,1929.6138979992952,2627.572417247369,1720.771767153372,2916.324831877167,1388.4660638324133,1547.0033896383172,2092.6526941333454,1950.598095115966,0.10136616023511873,0.8144526318315645
b0041,2568.835839441786,1898.1328732762768,2062.0818697292475,3926.359304792873,2920.9212009511507,1555.1028838249051,2176.350194149103,2800.794463189643,-0.3637776629352128,0.4633588497795443
b0042,3124.421265181521,3339.123798014812,2137.251356606077,2099.9135681962903,1892.427820334548,3381.53882290051,2866.9321399341366,2457.960070477116,0.22196257977178596,0.5313194006328907
b0043,3873.167215282383,1556.2701987176174,2425.739657592829,2718.709391524094,3087.5371286110403,2444.022370802943,2618.3923571976097,2750.0896303126924,-0.0707709670330579,0.8662547402882614
b0044,2821.736732162024,1464.8418090100693,2275.4006838391697,3802.600140127312,2517.7517957494424,2018.798926007071,2187.3264083370877,2779.716953961275,-0.3456289568876876,0.425127141845547
b0045,2009.2677224781105,1546.3323302711449,3083.9805697034462,1856.3874699834123,2200.975834519529,1666.4709288904908,2213.1935408175673,1907.9447444644775,0.21400598872155543,0.5800008730514812
b0046,2359.7445501848965,1929.934052304989,1257.565199371827,3040.083996542728,2377.876695985585,2346.8284405638865,1849.0812672872373,2588.2630443640664,-0.48495289226550503,0.14073268797768768
b0047,1770.306249041665,2854.155817826946,2086.4611627703816,1505.0711315779492,1186.8813612315591,2448.0721178962376,2236.974409879664,1713.3415369019156,0.38453898325549657,0.3528901641297623
b0048,1939.570626059147,1252.1714242555545,1688.2660430985268,1531.0206338465346,1542.7400709249034,2164.589821365656,1626.669364471076,1746.116842045698,-0.10216842621813471,0.7015984598077796
b0049,2431.4329922158304,2041.2381789054828,2921.45194942922,1926.2515145526809,1557.138978253536,1678.6201701703728,2464.7077068501776,1720.6702209921966,0.5181929612694529,0.08338168912446299
b0050,3208.057780884277,2061.113915798428,1828.4469780850472,1035.9839751842912,2157.779112533632,2778.1265059997004,2365.8728915892502,1990.6298645725412,0.2490326770064368,0.603400304844761
b0051,2272.1253432582,1124.9667081407042,2200.23119696234,2026.057292508778,2517.7517957494424,666.1833968468669,1865.7744161204148,1736.6641617016958,0.10339832115049717,0.857133513416899
b0052,1624.9380193678276,2051.176047351956,2580.1418468533443,1560.962367233364,1830.718217497552,3462.53376476639,2085.418637857709,2284.738116499102,-0.13163145710580465,0.7819518351610403
b0053,1981.3888839105248,1870.3068416261533,2173.820296167778,944.1626594646816,2706.994577782897,613.5366846340446,2008.505340568152,1421.5646406272078,0.49834620222088866,0.4622934661309205
b0054,2200.4369012272664,1393.289156195466,2580.1418468533443,2317.4901641405822,2789.2740482322256,2666.7584609341147,2057.955968092025,2591.1742244356406,-0.3322497099955978,0.264260555418935
b0055,1919.657169939443,2198.256500359751,2848.314070305818,1301.4673445475105,1836.889177781252,1927.6796164079556,2322.075913535004,1688.6787129122392,0.45928735067804416,0.1414581866593746
b0056,1439.7428774545824,1218.3826715375471,2620.774001921901,1696.6982252536563,2750.1912997687946,4106.443552600141,1759.6331836380102,2851.1110258741974,-0.6959357791106396,0.2674736664317312
b0057,2534.982964038289,2051.176047351956,1040.183169755049,1816.4651588009733,1332.9274212791167,2510.8431978422946,1875.447393715098,1886.7452593074613,-0.00866024941302397,0.9848583439865544
b0058,1557.2322685608349,2253.908563659998,1917.837719235872,2006.0961369175584,1246.5339773073222,1565.22725155814,1909.659517152235,1605.9524552610067,0.24974346568226705,0.3665594560538418
b0059,1380.002509095471,3464.340940440367,1980.8175595921343,1838.4224299513148,1538.6260974024372,3045.4098141571058,2275.0536697093244,2140.819447170286,0.08769770928578187,0.8710437939586924
b0060,2158.6186433758885,3005.21141821333,1568.4011856462848,1211.6421443870229,2151.608152249932,2516.917818482236,2244.0770824118345,1960.0560383730635,0.195134217256408,0.644614126732428
b0061,1642.8601298755607,1810.6796309473173,1848.763055619325,1503.0750160188272,1450.175666669409,1751.5156178496652,1767.434272147401,1568.255433512634,0.1723923947870014,0.16058245440795438
b0062,2092.9042381808663,1556.2701987176174,1600.9069097011302,1189.6848732366814,2305.8821593424227,3818.911508976265,1750.0271155332048,2438.1595138517896,-0.47818268442710915,0.4637393636329207
b0063,2594.723332397401,1629.810425221515,2370.886248250278,1503.0750160188272,2986.744777310613,2280.007613524536,2198.4733352897315,2256.609135617992,-0.03763761981722097,0.9167758613613594
b0064,1927.6225523873245,2234.0328267670525,1304.292177700667,2361.4047064412653,2011.733052486074,1700.89377918349,1821.9825189516814,2024.6771793702767,-0.15210355129948433,0.5798194629442462
b0065,1696.626461398761,2013.4121472553595,1196.616966768992,1824.4496210374607,1583.8798061495677,733.0042238862183,1635.5518584743706,1380.4445503577488,0.2444816635713631,0.5685916649041801
b0066,1903.72640504368,2176.393189777511,1676.0763965779597,1411.2537002992178,1563.3099385372354,2652.5843461075856,1918.73199713305,1875.715994981346,0.032694576127318534,0.925400211736214
b0067,2419.4849185440075,2015.399720944654,3354.1844009093475,1878.3447411337536,1275.331791964587,1336.4165407870278,2596.3563467993363,1496.697691295123,0.7942975128225878,0.09124799299770703
b0068,2789.875202370498,2313.5357743388336,2905.199087401797,2337.451319731802,2052.8727877107385,2024.873546647012,2669.5366880370425,2138.3992180298505,0.31992398556476587,0.07958932540087063
b0069,1350.1323249159154,876.519996978888,2210.3892357294794,2576.985186826436,1857.459045393584,3039.335193517165,1479.0138525414277,2491.2598085790614,-0.7518437924922591,0.12469805920800069
b0070,2102.860966240718,1570.1832145426793,2110.8404558115158,4032.153429426337,1832.7752042587852,1192.65051897509,1927.9615455316377,2352.5263842200707,-0.28699964337388784,0.6731867751497341
b0071,1610.9986000840347,2257.8837110385866,1838.6050168521865,1884.3330878111196,3299.40676501806,1733.2917559298423,1902.4957759916026,2305.677202919674,-0.27716475853248806,0.51314518825948
b0072,1041.473755060507,2814.404344041055,3100.233431730869,3369.4430637978494,1466.6315607592749,1992.47556990066,2318.7038436108105,2276.1833981525947,0.026690141473036017,0.9628946930275325
b0073,1278.4438828849818,1802.7293361901395,1418.0622118926256,3381.419757152581,3385.800208989855,3013.0118374107533,1499.7451436559156,3260.0772678510634,-1.1196696251815283,0.001158015005473223
b0074,2096.886929404807,1753.039993957776,1212.8698287964146,626.780285564292,1538.6260974024372,2411.624394056591,1687.5989173863325,1525.67692567444,0.14543190196808187,0.7972290371040142
b0075,1798.1850876092503,1739.1269781327144,3031.1587681143224,1842.4146610695584,859.8204661954795,2684.982322853938,2189.4902779520958,1795.7391500396589,0.28587283747531905,0.5923831889321866
b0076,1121.127579539322,1590.0589514356243,1042.214777508477,2806.5384761254595,1429.605799057077,1984.376075714072,1251.1337694944743,2073.5067836322028,-0.7283796765519635,0.1649311951098967
b0077,1346.1496336919745,632.0484331956608,1950.343443290717,1445.187664804291,1680.5581839275285,1474.1079419590246,1309.5138367261175,1533.284596896948,-0.22743352939314562,0.6188785003468229
b0078,1782.2543227134872,1093.1655291119916,1860.9527021398924,4531.182319206823,2639.114014662201,1644.1973198773735,1578.7908513217906,2938.1645512487994,-0.8956725590783962,0.2454387590906754
b0079,2182.514790719533,1363.475550856048,1424.157035152909,2245.6300040121923,1950.0234496490784,2326.5797050974165,1656.7157922428298,2174.077719586229,-0.39187026747161646,0.17857202709837544
b0080,2835.6761514458167,3877.756267813629,2015.3548914004075,2830.4918628349237,2826.299809934423,1828.460812622252,2909.5957702199507,2495.0841617971996,0.221647909656684,0.5553297192726903
b0081,1718.531263130435,1369.4382719239318,2118.966886825227,1928.2476301118024,2227.7166624155607,1814.2866977957224,1735.6454739598648,1990.0836634410286,-0.19725057667313659,0.37863016315713777
b0082,1326.236177572271,1588.07137774633,2478.5614591819526,2570.99684014907,2729.6214321564626,1850.734421635369,1797.6230048335176,2383.784231313634,-0.4069659147157216,0.25887567696656344
b0083,2196.454210003325,2071.051784244901,1381.4932723309244,2702.7404670511187,1824.5472572138528,1692.794284996902,1882.9997555263835,2073.360669753958,-0.13886798006726916,0.6645361071412306
b0084,2477.2339412911488,3225.8320977250232,2058.018654222392,2600.938573535899,2667.9118293194665,2231.410648405007,2587.0282310795214,2500.0870170867906,0.049298102602107326,0.8302887057386569
b0085,2226.3243941828814,2891.919717923542,1970.659520824995,1191.6809887958034,1878.028913005916,3191.200709515691,2362.9678776438063,2086.97020377247,0.17910930766456273,0.700263978239429
b0086,1626.9293649797978,1526.4565933781994,1822.352154824764,1193.6771043549252,989.4106321531714,1919.5801222213672,1658.5793710609203,1367.5559529098211,0.2781632094468244,0.4138686380038349
b0087,2550.9137289340524,1902.1080206548656,2078.3347317566704,2309.5057019040946,1559.1959650147692,1939.8288576878372,2177.1188271151964,1936.176841535567,0.16912700122845659,0.4541556057827763
b0088,858.2699587592324,1401.239450952644,2025.5129301675468,2221.676617302729,2536.2646766005414,2128.1420975260094,1428.3407799598078,2295.3611304764268,-0.6839996197519776,0.11071973121823415
b0089,1883.8129489239764,1697.3879306575293,2935.6732037032148,1453.1721270407786,2741.963352723862,1644.1973198773735,2172.2913610949067,1946.444266547338,0.15829956086652316,0.7057329633284973
b0090,2455.3291395594747,1003.724713093738,1308.3553932075226,1806.4845810053637,1600.3357002394332,1785.9384681426643,1589.1364152869119,1730.9195831291538,-0.12322140674295687,0.7799170242190911
b0091,1814.1158525050128,2079.002079002079,1665.918357810821,1890.3214344884852,2515.6948089882094,1777.8389739560764,1853.0120964393043,2061.2850724775903,-0.15359311538420095,0.4801885401248819
b0092,1812.1245068930427,2200.244074049045,2330.254093181721,2095.9213370780462,907.1311617038432,2439.9726237096493,2114.2075580412697,1814.3417074971796,0.22055810017063293,0.5925183939898145
b0093,2594.723332397401,3362.974682286346,2192.1047659486285,2123.866954905753,2305.8821593424227,1713.0430204633722,2716.6009268774583,2047.5973782371827,0.4076971437203462,0.18190156626694476
b0094,969.7853130295734,2784.5907387016373,2663.437764743885,2063.983488132095,1834.8321910200184,1836.56030680884,2139.2712721583653,1911.791995320318,0.16211366717796843,0.736189369126305
b0095,2331.8657116173117,2059.126342109133,1361.177194796646,1207.649913268779,2377.876695985585,2308.3558431775937,1917.389749507697,1964.6274841439856,-0.03509408009653523,0.926140812974086
b0096,2126.7571135843623,2615.6469751116024,1611.0649484682694,1730.6321897587295,2007.619078963608,1455.8840800392015,2117.823012388078,1731.3784495871796,0.29050895202683746,0.3246261080133242
b0097,1571.1716878446273,1355.5252560988697,2389.170718031128,1177.7081798819495,621.2100018924278,2002.5999376338948,1771.9558873248752,1267.1727064694242,0.48340540848205055,0.38128241968117815
b0098,2216.3676661230293,2182.355910845394,1420.0938196460534,1533.0167494056566,1812.2053366464531,2010.699431820483,1939.6057988714922,1785.3071726241976,0.11952690178347003,0.6360674610817916
b0099,1710.5658806825536,2464.591374725218,2094.587593784093,1608.8691406522903,1929.4535820367464,1913.5055015814264,2089.9149497306216,1817.276074756821,0.20156311467775317,0.344113758061398
b0100,1897.7523682077688,2267.8215794850594,1743.1194524410782,2942.274334145752,2381.9906695080517,1380.963758813262,1969.5644667113022,2235.0762541556883,-0.18236043968030058,0.6280648607126834
b0101,1216.7121689139003,3064.838628892166,2039.7341844415416,1333.4051934934616,1810.14834988522,1409.31198846632,2107.0949940825362,1517.621843948334,0.47317721330770374,0.38642780365915763
b0102,2445.3724114996226,2434.7777693858,1237.2491218375487,1199.665451032291,2073.4426553230705,1968.1770873408957,2039.1331009076573,1747.095064565419,0.22287963521473791,0.5845147322326405
b0103,1838.0119998486575,1158.755460858711,1844.69984011247,1994.1194435628263,2803.672955560858,2284.057360617829,1613.822433606613,2360.6165865805046,-0.5483992247418863,0.08546094200863122
b0104,1417.8380757229083,1262.1092927020268,1604.9701252079858,3503.1828062590203,1843.0601380649516,1579.4013663846697,1428.3058312109736,2308.548103569547,-0.6922959495511203,0.2798966619272769
b0105,1204.764095242078,1898.1328732762768,1119.4158721387344,2269.583390721656,2174.235006623497,1901.356260301544,1407.4376135523628,2115.0582192155657,-0.5872836596838292,0.08584815345395026
b0106,1421.820766946849,2325.461216474601,1322.5766474815175,2291.540661871997,3564.758057217144,1836.56030680884,1689.9528769676556,2564.286341965994,-0.6012834154266485,0.2371458755029833
b0107,3088.5770441660543,1607.9471146392752,918.2867045493792,2407.31536430107,1736.0968264808248,2401.5000263233565,1871.6036211182363,2181.6374057017506,-0.22102692721913614,0.6844685580575541
b0108,1393.9419283792638,1198.506934644602,1322.5766474815175,2143.8281104969733,2297.6542122974897,2122.067476886069,1305.0085035017944,2187.8499332268443,-0.7450087568591228,0.00037549874906707105
b0109,890.1314885507584,2108.815684341497,1493.231698769455,1355.3624646438032,1094.3169569760648,1524.7297806252,1497.39295722057,1324.8030674150225,0.17654952788271006,0.6811512173847577
b0110,1589.0937983523606,2959.497223359556,2049.8922232086807,2860.4335962217524,1736.0968264808248,2168.6395684589497,2199.4944149735325,2255.056663720509,-0.035975593240391665,0.9200941013912246
b0111,1750.392792921961,3170.1800344247763,1649.665495783398,1423.2303936539497,1392.5800373548796,1771.7643533161354,2190.0794410433787,1529.1915947749883,0.5179294888734838,0.30909683684056355
b0112,1166.9285286146408,1562.232919785501,2480.5930669353806,2095.9213370780462,1756.6666940931568,1407.2871149196733,1736.584838445174,1753.2917153636254,-0.013805248855089713,0.9719194628035683
b0113,2584.766604337549,2029.312736769716,1125.510695399018,2630.8803069227283,1322.6424874729507,2853.04682722564,1913.1966788354275,2268.8565405404393,-0.24586204851182983,0.6080383425693563
b0114,1605.0245632481235,1190.556639887424,2165.693865154067,1521.040056050925,983.239671869472,1376.914011719968,1653.7583560965384,1293.7312465467883,0.3539678940624764,0.3449086875569679
b0115,1923.639861163384,1908.0707417227493,3132.739155785714,2800.5501294480937,2484.840007569712,3233.723053995278,2321.483252890616,2839.704397004361,-0.2905805192808823,0.34055608275314714
b0116,2280.090725706081,2100.8653895843186,1255.5335916183992,2177.762075002046,2001.448118679908,1785.9384681426643,1878.8299023029329,1988.382887274873,-0.08171884714358268,0.7694112853103992
b0117,3128.403956405462,2806.4540492838773,1450.567935947471,1554.974020555998,1688.786130972461,2215.211660031832,2461.80864721227,1819.657270520097,0.43584517128473477,0.34039606056455307
b0118,2264.1599608103184,1222.3578189161365,2667.500980250741,3840.5263357506296,1225.96410969499,2539.191427495353,2051.3395866590654,2535.2272909803237,-0.30541457873007094,0.6144473395935345
b0119,1589.0937983523606,2605.7091066651296,1609.0333407148414,2800.5501294480937,2550.663583929174,2120.042603339421,1934.612081910777,2490.418772238896,-0.36417768905771974,0.2427137120349885
b0120,4305.289213079955,2726.951101712096,1867.047525400176,2022.065061390534,2161.893086056098,4574.1893418756,2966.4292800640756,2919.3824964407445,0.023056309751028986,0.9677902932864608
b0121,3506.759622679833,1248.1962768769652,2537.47808403136,2453.226022160875,1503.6573224614726,1214.9241279882071,2430.8113278627193,1723.9358242035185,0.49548861380676706,0.41381831958006565
b0122,1186.8419847343446,1584.0962303677409,1436.346681673476,2263.59504404429,1372.0101697425475,2081.570005953128,1402.4282989251872,1905.7250732466553,-0.44214148090283073,0.19716695493136993
b0123,1812.1245068930427,1164.718181926595,2194.1363737020565,3167.8353923265327,1316.471527189251,1794.0379623292529,1723.6596875072312,2092.781627281679,-0.2797992678435218,0.5986872381381466
b0124,1961.4754277908207,2124.716273855853,1643.5706725231146,2054.002910336485,1485.144441610374,1320.2175524138518,1909.9207913899297,1619.7883014535703,0.2375723129464854,0.3426336856953466
b0125,2391.6060799764223,1329.686798138041,2421.6764420859736,2461.2104843973625,1746.3817602869908,1670.5206759837847,2047.6564400668121,1959.370973556046,0.06355137390150362,0.8513756516479646
b0126,1951.5186997309693,2488.442258996753,1328.671470741801,1413.2498158583398,1472.8025210429746,3091.9819057299874,1922.8774764898415,1992.6780808771007,-0.05141555365859566,0.9199369944470261
b0127,1969.4408102387029,2202.23164773834,2586.236670113628,1167.72760208634,1357.611262413915,919.2925901777434,2252.636376030224,1148.2104848926663,0.9716116950485785,0.009739770047067933
b0128,2059.0513627773694,1808.6920572580227,2218.51566674319,1075.9062863667305,1369.9531829813145,1755.5653649429591,2028.753028926194,1400.474944763668,0.5343582451072135,0.06485924382638909
b0129,2335.848402841252,2931.6711917094326,2025.5129301675468,1872.356394456388,2240.05858298296,913.2179695378024,2431.010841572744,1675.210982325717,0.5369459096655229,0.19790844296708715
b0130,3341.4779368862924,1609.9346883285698,2563.8889848259214,2780.5889738568744,3420.76898393082,1644.1973198773735,2505.100536680261,2615.1850925550225,-0.06202032162194084,0.8861294260407292
b0131,2178.5320994955923,2122.7287001665586,2214.4524512363346,1686.7176474580467,1409.0359314447453,2308.3558431775937,2171.9044169661615,1801.3698073601288,0.26972966238416585,0.2976002260724719
b0132,2059.0513627773694,2414.9020324928547,1763.4355299753563,1449.1798959225348,1799.863416079054,1759.615112036253,2079.129641748527,1669.552808012614,0.31634785694828677,0.15080116596135215
b0133,1599.0505264122123,1641.735867357282,1629.3494182491197,1365.3430424394128,1750.495733809457,2087.644626593069,1623.3786040062048,1734.4944676139796,-0.09545883656375863,0.647837329906972
b0134,1919.657169939443,1431.053056292062,3433.417103293033,2555.0279156760944,1935.6245423204457,1168.352036415326,2261.375776508179,1886.3348314706218,0.26148818454534284,0.6356022259226892
b0135,1077.317976075974,1512.5435775531378,3429.353887786177,3064.0373832521914,2065.2147082781376,1387.038379453203,2006.4051471384294,2172.096823661177,-0.11442063623415337,0.8596721214355898
b0136,1354.1150161398562,2051.176047351956,1580.590832166852,2171.77372832468,2246.22954326666,2691.056943493879,1661.9606318862216,2369.6867383617396,-0.5115510228684855,0.05689855585513619
b0137,1471.6044072461084,1566.2080671640902,670.4305586311839,1592.900216179315,2497.1819281371104,2083.5948794997757,1236.0810110137943,2057.892341272067,-0.7349284147627657,0.10083411866520171
b0138,1726.4966455783167,2126.703847545148,1125.510695399018,2463.2065999564848,1550.9680179698364,2314.4304638175345,1659.570396174161,2109.535027247952,-0.3459298890419716,0.32949733479625715
b0139,1915.6744787155023,2953.5345022916727,3218.066681429683,2626.8880758044847,1569.4808988209352,1915.5303751280733,2695.758554145619,2037.2997832511646,0.4038601084591975,0.26581744301699023
b0140,2218.3590117349995,1778.878451918605,1877.205564167315,1145.7703309359986,1501.6003357002394,3199.300203702279,1958.1476759403065,1948.8902901128388,0.006833195128138432,0.9897956597523236
b0141,1417.8380757229083,1476.7672511458363,985.3297604124976,2010.0883680358024,2655.569908752067,2071.445638219893,1293.311695760414,2245.7013050025876,-0.7956232449268826,0.02373894021951256
b0142,2355.761858960956,2146.579584438093,1220.9962598101258,3816.572949041166,2268.8563976402247,1251.371851827853,1907.7792344030584,2445.600399503081,-0.35812823373538144,0.5626585287114874
b0143,1682.6870421149683,3273.533866268092,1860.9527021398924,2776.596742738631,1112.8298378271638,692.506752953278,2272.391203507651,1527.3111111730243,0.5729077074553843,0.4129237141648984
b0144,914.0276358944028,1679.4997674538783,774.0425540560033,1521.040056050925,2256.5144770728257,2018.798926007071,1122.5233191347613,1932.1178197102738,-0.7828995011516533,0.0891787439405967
b0145,2128.7484591963325,2715.0256595763285,1558.2431468791458,1878.3447411337536,1114.8868245883968,2255.7091309647712,2134.005755217269,1749.6468988956406,0.2863518337153851,0.4624034992073041
b0146,1232.6429338096632,3199.993639764194,2169.757080660923,1860.3797011016563,1896.541793857015,2603.9873809880573,2200.7978847449267,2120.3029586489097,0.05373136467354418,0.9053787446279742
b0147,1820.089889340924,2313.5357743388336,1560.2747546325736,2626.8880758044847,1265.046858158421,2243.559889684889,1897.9668061041102,2045.1649412159315,-0.10770775788749358,0.7702105685342648
b0148,2134.722496032244,2090.9275211378463,1584.6540476737075,1658.7720296303394,1001.7525527205707,2836.847838852464,1936.768021614599,1832.457473734458,0.0798290662396374,0.8678558082690383
b0149,1035.499718224596,2917.7581758843708,2509.0355754833704,842.3607659494623,1980.878251067576,1472.0830684123778,2154.097823197446,1431.774028476472,0.5889422656281884,0.34911247940894974
b0150,611.3431028749056,1693.41278327894,1550.1167158654346,2239.6416573348265,1847.1741115874177,1771.7643533161354,1284.9575340064266,1952.8600407461265,-0.603484126078408,0.17786989853775415
b0151,1314.2881039004487,1504.5932827959596,1310.3870009609504,1740.6127675543391,1740.210800003291,2381.251290856886,1376.4227958857864,1954.024952804839,-0.5052155629135611,0.10363422339690799
b0152,1718.531263130435,2239.995547834936,1367.2720180569297,1550.9817894377543,2838.6417305018226,1281.7449550275585,1775.266276340767,1890.4561583223785,-0.09064946756126017,0.845514899727672
b0153,1443.7255686785231,2317.5109217174227,2096.619201537521,1339.3935401708277,1308.2435801443182,3626.548522044798,1952.6185639778223,2091.395214119981,-0.09900656079022298,0.8772324343640684
b0154,2021.215796149932,2556.0197644327664,1877.205564167315,2465.2027155156065,2552.720570690407,2624.2361164545277,2151.480374916671,2547.3864675535137,-0.24358399756031074,0.19063493790973193
b0155,2690.3079217719787,2887.944570544953,2074.2715162498143,2241.6377728939483,1454.2896401918758,2921.8925278116385,2550.841336188915,2205.9399802991543,0.20949123581525844,0.5290692943118169
b0156,1027.5343357767144,2965.4599444274395,2813.776738497545,2159.7970349699485,2205.089808041996,1451.8343329459076,2268.9236729005665,1938.9070586526175,0.22665625287780194,0.6600973689815354
b0157,3120.4385739575805,1892.170152208393,1889.395210687882,2193.7309994750217,2040.530867143339,1291.8693227607937,2300.667978951285,1842.0437297930514,0.32058943419048896,0.4136959185592006
b0158,1328.2275231842414,2476.5168168609853,2880.8197943606638,1177.7081798819495,1372.0101697425475,2790.2757472795824,2228.521378135297,1779.99803230136,0.32404811072988177,0.5507654382531979
b0159,1491.5178633658122,1635.7731462893987,1379.4616645774968,1071.9140552484866,1773.1225881830226,1974.2517079808365,1502.2508914109028,1606.429450470782,-0.0966696055142358,0.7443582915081965
b0160,2903.3819022528096,3146.329150153242,3654.8623484166665,2746.6550093518013,2521.865769271909,2012.724305367129,3234.8578002742397,2427.081694663613,0.4143312469604606,0.05975579936529669
b0161,2118.791731136481,3048.9380393778097,2001.1336371264129,1834.4301988330708,2429.301365016415,1911.4806280347796,2389.6211358802343,2058.404063961422,0.21515859003713353,0.4451391157124897
b0162,1543.292849277042,1681.487341143173,1296.1657466869558,1654.7797985120956,2283.255304968857,2717.38029960029,1506.9819790357235,2218.471801027081,-0.5575971910102244,0.13562008265369074
b0163,2210.393629287118,1264.0968663913216,2401.360364551695,1243.579993332974,1886.256860050849,1538.903895451729,1958.6169534100447,1556.2469162785173,0.3315739625586959,0.3853319619223821
b0164,3158.274140585017,3190.055771317722,2129.1249255923663,1147.7664464951206,2036.4168936208728,1330.341920147087,2825.8182791650347,1504.8417534210269,0.9086089757136457,0.04336919798411628
b0165,2702.2559954438016,2846.205523069768,3043.3484146348897,2277.567852958144,2431.358351777648,3375.464202260569,2863.93664438282,2694.7968023321205,0.08779147895375428,0.6765482973914997
b0166,1915.6744787155023,1870.3068416261533,2827.9979927715394,1489.1022071049738,1513.9422562676386,2249.63451032483,2204.659771037732,1750.8929912324809,0.3322956132657376,0.3222219694117167
b0167,1569.1803422326568,1283.9726032842666,1893.4584261947375,1289.4906511927788,2647.3419617071345,1338.4414143336749,1582.2037905705536,1758.4246757445296,-0.15225677928022469,0.7403298167052588
b0168,1601.041872024183,1095.1531028012864,2366.823032743422,1996.1155591219483,2655.569908752067,2032.9730408336,1687.6726691896304,2228.2195029025384,-0.4006489758599724,0.2898260319807627
b0169,2041.1292522696365,1973.660673469469,3626.4198398686767,2768.6122805021428,1616.791594329299,1445.7597123059663,2547.0699218692607,1943.7211957124691,0.38984152873573175,0.4289327216057169
b0170,3739.747059280368,1248.1962768769652,2590.299885620484,3533.1245396458494,1952.0804364103112,1921.6049957680143,2526.081073925939,2468.936657274725,0.03299790596148658,0.9524194444955876
b0171,1955.50139095491,2663.348743654671,2543.572907291644,1405.2653536218518,2608.2592132437035,2188.88830392542,2387.474347300408,2067.470956930325,0.20752468098956137,0.4914135946771059
b0172,2070.999436449192,1518.5062986210214,1391.6513110980636,2231.657195098339,1513.9422562676386,1796.0628358758995,1660.3856820560923,1847.2207624139592,-0.15375006473060832,0.5610178941911754
b0173,1465.6303704101972,2347.3245270568405,2379.012679263989,1235.5955310964862,2530.093716316842,1328.3170466004397,2063.989192243676,1698.0020980045892,0.28144659684779116,0.5189333723918442
b0174,1676.7130052790571,2840.242802001884,1881.268779674171,2397.33478650546,1808.091363123987,1389.0632529998502,2132.7415289850373,1864.8298008764325,0.19356803472723108,0.5948511992915042
b0175,1370.0457810356193,2146.579584438093,1958.469874304428,4501.2405858199945,3799.254547997729,1599.6501018511394,1825.0317465927135,3300.0484118896206,-0.8542124491110019,0.22900006780232884
b0176,2236.281122242733,989.8116972686764,1976.7543440852787,1399.277006944486,2303.825172581189,886.8946134313912,1734.2823878655627,1529.9989309856885,0.18069718064917178,0.7347275100189337
b0177,1965.458119014762,2764.7150018086923,1749.2142757013617,2036.037870304388,2032.302920098406,1376.914011719968,2159.795798841605,1815.0849340409206,0.25073106430526454,0.4193321506151456
b0178,2785.8925111465574,1407.2021720205275,1493.231698769455,998.0577795609744,1875.971926244683,2267.8583722446533,1895.4421273121798,1713.962692683437,0.14511815403163023,0.7715221457659224
b0179,1678.7043508910276,2168.4428950203333,2795.4922687166945,2034.0417547452655,1855.4020586323504,1366.7896439867332,2214.2131715426854,1752.0778191214497,0.33755549828357756,0.30280668079778816
b0180,1378.0111634835007,1967.697952401585,960.9504673713636,1351.3702335255591,989.4106321531714,1678.6201701703728,1435.5531944188162,1339.8003452830344,0.09951699003312055,0.801541295224604
b0181,2098.878275016777,2685.2120542369107,2232.736921017185,2680.7831959007767,2178.348980145964,3207.399697888867,2338.9424167569578,2688.843957978536,-0.201049455021822,0.3808726553160207
b0182,2527.017581590408,2852.1682441376515,1346.9559405226514,1465.1488203955105,1764.8946411380896,2154.4654536324206,2242.047255416904,1794.83630505534,0.3208041639023649,0.4418769584950334
b0183,3022.862638971032,1281.9850295949725,1172.237673727858,1195.6732199140472,2011.733052486074,874.7453721515092,1825.6951140979543,1360.7172148505435,0.42380872717454765,0.5455471037790524
b0184,1780.2629771015168,1788.8163203650774,2712.1963508261533,1616.8536028887786,1861.5730189160504,2261.7837516047125,2093.7585494309155,1913.4034578031806,0.12988905469329637,0.6495521583337613
b0185,1485.543826529901,1939.8719207514616,2255.084606304891,1706.678803049266,1771.065601421789,2401.5000263233565,1893.5001178620848,1959.7481435981372,-0.0495870049007825,0.8435441661320654
b0186,2857.5809531774908,1713.2885201718857,1566.369577892857,2245.6300040121923,2258.5714638340587,1567.2521251047874,2045.7463504140778,2023.817864317013,0.015540181791178097,0.9654242324424662
b0187,1581.128415904479,1796.7666151222556,2423.708049839401,3407.369259421166,2955.889975892115,2304.3060960842995,1933.8676936220454,2889.188443799194,-0.5789286431004734,0.08272074640994713
b0188,2935.243432044336,2116.765979098675,904.0654502753844,1027.9995129478036,1684.6721574499943,941.5661991908604,1985.358287139465,1218.0792898628863,0.7043339078169195,0.3246819998862589
b0189,1734.462028026198,626.0857121277771,1521.6742073174448,1295.478997870145,2172.178019862264,1646.2221934240206,1294.0739824904733,1704.62640371881,-0.39726716106026655,0.3922397209229018
b0190,1818.098543728954,1530.4317407567887,1747.182667947934,1253.560571128584,1974.7072907838767,1514.6054128919648,1698.5709841445587,1580.957758268142,0.1034595414102943,0.6456177649409618
b0191,2343.813785289133,4245.457400333117,1418.0622118926256,2067.9757192503384,1374.0671565037808,2176.7390626455376,2669.1111325049587,1872.9273127998858,0.5108347956493103,0.44341971360063664
b0192,2220.35035734697,1474.7796774565418,1759.372314468501,1718.655496403998,2643.227988184668,2020.8237995537177,1818.1674497573376,2127.569094714128,-0.2266055761564608,0.4267861119787027
b0193,1873.8562208641245,1981.6109682266467,1822.352154824764,1980.146634648973,1917.1116614693467,2237.4852690449484,1892.606447971845,2044.9145217210892,-0.11160934681014362,0.25930632117526037
b0194,2720.1781059515347,1419.1276141562948,1771.561960989068,978.0966239697548,2153.665139011165,1332.3667936937338,1970.2892270322993,1488.0428522248847,0.40475419081680764,0.40817717313590496
b0195,2612.645442905134,2790.553459769521,2444.02412737368,3078.010192166045,1657.931329553963,2077.5202588598345,2615.741010016112,2271.1539268599477,0.20371056839247353,0.5021240461021536
b0196,2250.2205415265257,1693.41278327894,1816.25733156448,1696.6982252536563,1857.459045393584,2253.684257418124,1919.9635521233151,1935.9471760217882,-0.011954463697849482,0.9493549167316075
b0197,2015.2417593140212,1655.648883182344,3943.350649403418,1499.0827849005834,2737.8493792013955,1059.0088648963874,2538.080430633261,1765.3136763327886,0.5235645248188273,0.4297903036077937
b0198,1374.02847225956,1359.500403477459,1572.464401153141,1379.315851353267,1950.0234496490784,2263.80862515136,1435.33109229672,1864.3826420512353,-0.3770832510993053,0.2350707776454228
b0199,782.598825504358,2476.5168168609853,2098.6508092909485,1894.3136656067293,3097.8220624172063,1787.9633416893114,1785.9221505520973,2260.0330232377487,-0.3395052803716123,0.5157046450825774
b0200,1923.639861163384,1115.0288396942317,2092.555986030665,1233.5994155373642,2612.37318676617,1733.2917559298423,1710.4082289627602,1859.7547860777922,-0.12070401411342552,0.7825913761869495
b0201,1184.8506391223743,2498.380127443225,922.349920056235,1880.340856692876,1406.978944683512,2008.674558273836,1535.1935622072779,1765.3314532167415,-0.2013960822337593,0.6932259275509663
b0202,1244.5910074814851,1751.0524202684817,1314.450216467806,2026.057292508778,1211.5652023663577,1069.1332326296222,1436.6978814059241,1435.5852425015858,0.0011169384786179509,0.9975742546659954
b0203,2198.445555615296,2015.399720944654,1966.5963053181397,1906.290358961461,3291.1788179731275,1630.0232050508446,2060.1471939593634,2275.830793995144,-0.14357954285445482,0.7166251416922966
b0204,1035.499718224596,2239.995547834936,1562.3063623860014,1928.2476301118024,1927.3965952755127,1002.3124055902708,1612.6005428151777,1619.3188769925284,-0.005994287479843769,0.9891862378588938
b0205,2319.917637945489,2379.125706085553,1535.8954615914397,1938.228207907412,2558.8915309741064,2375.176670216945,2078.312935207494,2290.7654696994873,-0.1403525127135797,0.5572556340396758
b0206,2162.601334599829,1389.3140088168768,1570.4327933997129,1736.620536436095,2207.1467948032287,1583.4511134779634,1707.4493789388061,1842.4061482390955,-0.10968646600790075,0.6767034397438707
b0207,2507.1041254707043,2569.932780257828,1842.668232359042,2471.1910621929724,1392.5800373548796,745.1534651661003,2306.568379362525,1536.308188237984,0.5859669844662946,0.26449182545646815
b0208,2923.295358372513,1244.2211294983765,2100.6824170443765,1529.0245182874128,1703.1850383010935,2413.649267603238,2089.399634971755,1881.952941397248,0.15078183315671304,0.7324806522831998
b0209,2341.822439677163,2357.262395503313,2192.1047659486285,3004.1539164785327,2850.9836510692217,2146.3659594458327,2297.063200376368,2667.1678423311955,-0.21543094784798014,0.294645654056618
b0210,2439.398374663712,2742.851691226452,1917.837719235872,2179.758190561168,2608.2592132437035,2304.3060960842995,2366.6959283753454,2364.1078332963903,0.001577852155282356,0.9930110231954061
b0211,1210.738132077989,2188.3186319132783,2328.2224854282936,1531.0206338465346,2521.865769271909,3132.4793766629277,1909.0930831398534,2395.1219265937902,-0.32705837573502383,0.455535781802767
b0212,1057.40451995627,2196.2689266704565,2344.475347455716,1770.5545009411685,1781.350535227955,1370.839391080027,1866.049598027481,1640.9148090830502,0.18538097847626347,0.6432327140704976
b0213,1628.9207105917685,2665.3363173439657,1923.932542496155,1529.0245182874128,2451.92821938998,1557.1277573715522,2072.72985681063,1846.0268316829815,0.16702314317666586,0.6277268367224176
b0214,2017.233104925992,2307.57305327095,2517.162006497081,1431.214855890437,1287.6737125319862,3162.8524798626327,2280.6560548980074,1960.5803494283518,0.21806489924590458,0.65222295943469
b0215,2594.723332397401,1383.3512877489934,1651.697103536826,1754.585576468193,1509.8282827451724,2634.3604841877623,1876.5905745610735,1966.2581144670428,-0.06730375439340856,0.8668331564562507
b0216,1834.029308624717,2758.752280740808,2301.8115846337314,902.2442327231208,1857.459045393584,2468.320853362707,2298.1977246664187,1742.6747104931371,0.39899961451443056,0.3651570262518776
b0217,1742.4274104740796,2295.647611135183,3010.8426905800443,1648.7914518347295,1472.8025210429746,2486.5447152825304,2349.639237396436,1869.379562720078,0.3297220684193848,0.37703787159001334
b0218,1131.084307599174,1538.382035513967,1009.7090534536316,668.6987123058527,1172.4824539029266,2061.3212704866582,1226.3917988555909,1300.834145565146,-0.08494981114497775,0.8772004679101154
b0219,2345.8051309011034,3535.89359325497,1714.6769438930887,1636.814758479998,2614.430173527403,1050.9093707097993,2532.125222683054,1767.3847675724,0.5184861846561425,0.33871978870185737
b0220,2461.303176395385,2639.4978593831365,1330.7030784952287,2317.4901641405822,2550.663583929174,2245.5847632315363,2143.834704757917,2371.2461704337643,-0.14538725928184026,0.6380465744150159
b0221,2493.164706186912,2275.7718742422376,1655.7603190436814,2143.8281104969733,3684.0632893686698,2788.250873732936,2141.5656331576106,2872.047424532859,-0.4232424081471368,0.24503433244029804
b0222,2600.697369233312,2114.7784054093804,3025.063944854039,2004.1000213584368,1466.6315607592749,1949.9532254210724,2580.1799064989104,1806.8949358462614,0.5137198605159291,0.07969575850886293
b0223,1889.786985759888,1373.4134193025209,1720.771767153372,1690.7098785762903,1530.3981503575044,2330.6294521907107,1661.3240574052604,1850.579160374835,-0.1555545782945918,0.5533179932334551
b0224,1300.348684616656,1965.7103787122903,2354.633386222855,1916.2709367570703,2118.696364070201,2071.445638219893,1873.5641498506004,2035.4709796823881,-0.11951605841549474,0.6539555833171065
b0225,866.235341207114,1764.965436093543,2236.800136524041,930.1898505508282,1750.495733809457,1093.4317151893863,1622.6669712748997,1258.0390998498906,0.36693266601944535,0.4921322662696934
b0226,2459.311830783415,912.2963233861896,3012.874298333472,1421.2342780948277,1937.6815290816787,2045.1222821134825,2128.1608175010256,1801.3460297633294,0.24040890336435458,0.6614271397694936
b0227,2248.2291959145555,2281.734595310121,1399.777742111775,1982.1427502080949,944.156923406041,1627.9983315041975,1976.5805111121506,1518.0993350394444,0.380520218957783,0.3361145116467603
b0228,2258.185923974407,1931.921625994284,2620.774001921901,2499.13668002068,1843.0601380649516,1067.1083590829753,2270.2938506301975,1803.1017257228693,0.33223367964981576,0.38674624217578324
b0229,1212.7294776899596,2104.840536962908,2779.239406689272,2824.503516157557,1542.7400709249034,3065.658549623576,2032.2698071140467,2477.6340455686786,-0.2857436144804012,0.5339773283452163
b0230,1501.474591425664,1878.2571363833315,1639.507457016259,1299.4712289883885,2122.810337592667,1476.1328155056715,1673.0797282750848,1632.804794028909,0.03513261658978768,0.8930222778648099
b0231,2666.4117744283344,1780.8660256078992,3205.877034909116,2145.824226056095,1267.1038449196542,1917.55524867472,2551.05161164845,1776.8277732168233,0.5215419357885662,0.20321421643657292
b0232,1812.1245068930427,2724.9635280228017,2025.5129301675468,1558.966251674242,2166.0070595785646,2925.942274904932,2187.533655027797,2216.9718620525796,-0.019276493342575543,0.9545648791176359
b0233,1853.9427647444209,2311.548200649539,1529.800638331156,1766.5622698229247,1376.1241432650138,888.9194869780382,1898.4305345750383,1343.8686333553255,0.49810169379640984,0.1795088361977425
b0234,1358.097707363797,2528.193732782643,2039.7341844415416,3988.238887125653,1618.848581090532,1858.833915821957,1975.3418748626607,2488.6404613460472,-0.33310488095138463,0.5814870446537763
b0235,1620.9553281438866,1663.599177939522,1554.17993137229,1928.2476301118024,935.928976361108,3442.285029299921,1612.9114791518994,2102.153878590944,-0.3819929587052874,0.5712495041294371
b0236,3574.465373486826,1266.084440080616,2539.509691784788,2253.61446624868,3200.6714004788664,2237.4852690449484,2460.01983511741,2563.9237119241648,-0.0596596310918645,0.8975664231793002
b0237,947.8805112978994,1830.5553678402623,1381.4932723309244,1363.346926880291,1863.630005677284,1113.6804506558565,1386.6430504896955,1446.8857944044773,-0.06131130588306438,0.8669711292320977
b0238,1312.2967582884785,1852.4186784225024,2068.176692989531,2916.324831877167,2635.000041139735,3760.190176123501,1744.2973765668373,3103.8383497134673,-0.8310452835934619,0.03533161307761887
b0239,1150.997763718878,3323.2232085004557,1548.0851081120063,1978.150519089851,2139.266231682533,2083.5948794997757,2007.4353601104467,2067.0038767573865,-0.04216686004367235,0.9371359506413687
b0240,1859.916801580332,1180.6187714409511,1137.7003419195848,1604.8769095340467,1859.516032154817,2004.6248111805417,1392.7453049802891,1823.0059176231352,-0.3881434649187449,0.20027212350980814
b0241,2102.860966240718,2136.6417159916205,1669.9815733176763,2269.583390721656,1978.8212643063428,1747.4658707563713,1969.828085183338,1998.62350859479,-0.020926457333158104,0.8990123062335978
b0242,1421.820766946849,1866.3316942475644,1925.964150249583,1870.360278897266,2143.380205204999,1231.1231163613832,1738.0388704813322,1748.287866821216,-0.008477542302536748,0.9758440879780506
b0243,1913.683133103532,2017.3872946339488,2821.903169511256,964.1238150559012,1645.5894089865635,1891.2318925683087,2250.991199082912,1500.315038870258,0.5849744426277711,0.133227413762883
b0244,1391.950582767293,2532.168880161232,2659.374549237029,1726.6399586404857,2019.9609995310068,2205.087292298596,2194.498004055185,1983.8960834900292,0.14548474387274368,0.6618205667568215
b0245,3200.092398436396,1973.660673469469,2385.1075025242726,2594.9502268585334,1221.8501361725237,2846.9722065856986,2519.6201914767125,2221.257523205585,0.18175273732883493,0.65818295413253
b0246,2546.931037710112,1927.9464786156943,1387.588095591208,1527.0284027282908,1143.684639245662,3450.3845234865084,1954.155203972338,2040.365855153487,-0.062251630474818714,0.9201821450541201
b0247,2513.0781623066155,1607.9471146392752,2805.6503074838333,4034.1495449854583,1086.089009931132,1277.6952079342643,2308.891861476575,2132.6445876169514,0.11450543398255064,0.8753375195816594
b0248,3046.7587863146764,2180.3683371561,1155.9848117004356,1319.4323845796082,2544.4926236454744,2247.609636778184,2127.7039783904042,2037.1782150010888,0.06269513589570506,0.8983056488152272
b0249,1648.834166711472,2752.789559672925,1836.5734090987585,2189.7387683567777,2717.2795115890635,2034.997914380247,2079.3990451610516,2314.005398108696,-0.15415527665830175,0.5941807869617077
b0250,2025.1984873738727,2647.4481541403147,1812.1941160576248,2409.311479860192,1637.361461941631,3181.076341782456,2161.6135858572707,2409.2497611947597,-0.15640674423478645,0.659817724465822
b0251,2373.683969468689,2210.1819424955183,1066.5940705496107,1295.478997870145,1908.883714424414,1121.7799448424446,1883.486660837939,1442.0475523790012,0.38505274168168463,0.4175428664550207
b0252,1405.890002051086,1858.3813994903865,2287.590330359737,1694.7021096945346,2468.3841134798454,2057.271523393364,1850.620577300403,2073.452582189248,-0.1639421797923097,0.5471491452526568
b0253,1111.1708514794702,922.2341918326622,1206.7750055361312,2622.8958446862407,950.3278836897406,2138.2664652592443,1080.0600162827545,1903.8300645450752,-0.8172156782595982,0.23703893160201592
b0254,1103.2054690315886,2756.7647070515136,1527.7690305777282,2271.5795062807774,2087.8415626517026,1285.794702120853,1795.9130688869434,1881.738590351111,-0.06731208645078378,0.8910929946058294
b0255,1419.8294213348788,977.886255132909,2403.391972305123,1505.0711315779492,1567.423912059702,1729.2420088365482,1600.3692162576372,1600.5790174913998,-0.00018900036957533603,0.9996503058659775
b0256,1939.570626059147,1192.5442135767184,1503.3897375365943,1712.6671497266318,1024.379407094136,1935.7791105945437,1545.16819239082,1557.6085558051038,-0.011561376620558061,0.9734000960309765
b0257,1680.695696502998,1671.5494726967,3650.799132909811,2357.4124753230217,1528.3411635962711,1652.2968140639618,2334.3481007031696,1846.0168176610848,0.3384406076377662,0.5463101041447253
b0258,1816.1071981169837,1576.145935610563,2120.9984945786546,1171.7198332045837,1841.003151303718,1822.3861919823107,1837.7505427687338,1611.703058830204,0.18924494260337738,0.45518330321133316
b0259,2208.402283675148,2257.8837110385866,2385.1075025242726,1513.055593814437,2976.4598435044472,1488.2820567855538,2283.7978324126693,1992.5991647014791,0.19669114679616037,0.6146156406371012
b0260,1258.5304267652782,2496.3925537539303,3490.3021203890125,2339.447435290924,1933.567555559212,1166.327162868679,2415.075033636074,1813.114051239605,0.41340010042552744,0.4699302789792728
b0261,1636.8860930396495,2432.7901956965056,2118.966886825227,1339.3935401708277,1515.999243028872,2071.445638219893,2062.8810585204606,1642.279473806531,0.3287819692196403,0.25881773654240914
b0262,2712.2127235036533,1516.5187249317266,1718.7401593999443,1734.624420876973,2260.628450595292,1852.759295182016,1982.4905359451084,1949.3373888847607,0.024317796410119136,0.9400205468725193
b0263,2108.835003076629,2102.852963273613,2291.6535458665926,3193.7848945951177,1995.2771583962087,1771.7643533161354,2167.7805040722783,2320.275468769154,-0.0980336898772198,0.7638127064762927
b0264,3192.127015988514,1973.660673469469,1554.17993137229,2481.1716399885822,1847.1741115874177,2089.669500139716,2239.9892069434245,2139.338417238572,0.06629677576365389,0.862113807456044
b0265,2393.597425588393,1051.4264816368066,1814.2257238110524,2664.814271427801,1987.049211351276,1372.864264626674,1753.0832103454175,2008.242582468584,-0.1959345678129051,0.6605106392265205
b0266,2483.2079781270595,2375.150558706964,1511.5161685503058,4106.009705113848,1349.3833153689825,1686.719664356961,2123.291568461443,2380.7042282799302,-0.165012467334395,0.8013899005223096
b0267,2702.2559954438016,1546.3323302711449,3354.1844009093475,2163.789266088193,1892.427820334548,2312.405590270888,2534.2575755414314,2122.874225564543,0.2554339954994727,0.5208016513339632
b0268,2552.9050745460227,2003.474278808887,2602.4895321410504,2117.8786082283877,2330.5660004772208,998.2626584969768,2386.289628498653,1815.5690890675285,0.39415736990717143,0.3040436506920205
b0269,1618.963982531916,1272.0471611484995,2541.5412995382158,1808.4806965644852,2190.690900713363,1417.4114826529085,1810.8508144062105,1805.5276933102523,0.004244799669800228,0.9910483854824891
b0270,1891.7783313718576,1297.8856191093284,2435.897696359968,1766.5622698229247,1962.3653702164772,2265.833498698006,1875.1872156137179,1998.2537129124694,-0.09165777262685727,0.7564170310217584
b0271,2072.990782061162,1029.5631710545667,2147.4093953732167,1103.8519041944376,2252.400503550359,3563.777442098741,1749.9877828296485,2306.676616614513,-0.3982720501889261,0.5356674421467824
b0272,1166.9285286146408,743.3525597961545,2427.771265346257,1572.9390605880956,2783.103087948526,1960.077593154308,1446.0174512523508,2105.3732472303095,-0.5416787820349542,0.35307214202568993
b0273,2686.3252305480382,2933.658765398727,1487.1368755091717,1980.146634648973,1906.8267276631807,1889.207019021662,2369.040290485312,1925.3934604446051,0.29900918534507837,0.4253416366733749
b0274,1334.2015600201523,2422.852327250033,2167.725472907495,1263.5411489241935,1474.859507804208,1587.5008605712574,1974.92645339256,1441.9671724332195,0.45349077006935135,0.24206592765096674
b0275,818.4430465198249,1566.2080671640902,1696.3924741122382,1527.0284027282908,1616.791594329299,2081.570005953128,1360.3478625987177,1741.7966676702392,-0.35636849681394045,0.31435300829651525
b0276,1437.751531842612,2124.716273855853,1497.294914276311,1423.2303936539497,2233.88762269926,2729.529540880172,1686.5875733249252,2128.882519077794,-0.33581148657050597,0.3842657580727111
b0277,1853.9427647444209,731.4271176603872,3266.825267511951,1383.3080824715105,2482.783020808478,1338.4414143336749,1950.7317166389196,1734.8441725378877,0.1691173126574135,0.8102885615402519
b0278,1105.196814643559,1439.00335104924,1288.0393156732443,1471.137167072876,2861.268584875388,1030.6606352433291,1277.413160455348,1787.688795730531,-0.4845482374432707,0.45358419345301404
b0279,1943.553317283088,1091.177955422697,1982.8491673455624,2059.991257013851,1690.8431177336945,3527.3297182590945,1672.5268133504494,2426.05469766888,-0.5363149562015828,0.31864736925001125
b0280,2523.034890366467,2879.9942757877748,2458.2453816476745,878.2908460136574,2104.297456741569,2263.80862515136,2620.4248492673055,1748.798975968862,0.5831619985200922,0.17707971007945555
b0281,2915.3299759246315,1611.922262017864,1466.8207979748934,2179.758190561168,1289.7306992932192,1526.754654171847,1998.0243453057963,1665.4145146754115,0.26254873158942776,0.573523528620524
b0282,2680.351193712127,1373.4134193025209,3634.546270882389,2030.049523627022,1795.7494425565876,2002.5999376338948,2562.7702946323457,1942.7996346058346,0.3993874923311907,0.4443194345314105
b0283,1095.2400865837071,1623.8477041536316,2539.509691784788,2519.0978356118994,1262.9898713971877,1494.3566774254946,1752.8658275073758,1758.8147948115275,-0.004885221368359974,0.9922009709536113
b0284,1965.458119014762,2470.5540957931016,1972.691128578423,2441.2493288061432,2669.9688160806995,1757.5902384896065,2136.234447795429,2289.6027944588163,-0.09998213183429515,0.6626648413068089
b0285,3216.023163332158,1345.5873876523972,3171.3397031008426,2061.9873725729726,2264.742424117758,2008.674558273836,2577.6500846951326,2111.8014516548556,0.2874588190352269,0.5293332340604596
b0286,1814.1158525050128,1329.686798138041,1535.8954615914397,2048.014563659119,2359.363815134486,1445.7597123059663,1559.899370744831,1951.0460303665234,-0.3226095413337582,0.2862591167055666
b0287,2550.9137289340524,1452.9163668743015,3094.138608470585,1389.2964291488763,3361.1163678550565,1929.7044899546024,2365.98956809298,2226.705762319512,0.08749465516523063,0.8639958281128088
b0288,1931.6052436112652,2558.007338122061,3291.204560553085,1273.5217267198032,2314.1101063873552,2174.714189098891,2593.6057140954704,1920.7820074020165,0.43307062111001526,0.26021148038043107
b0289,1973.4235014626436,2476.5168168609853,1749.2142757013617,2131.851417142241,1906.8267276631807,1287.8195756674995,2066.384864674997,1775.4992401576403,0.21876991448806835,0.43098120636996634
b0290,1887.795640147917,1405.2145983312332,2657.342941483602,1309.4518067839983,1727.868879435892,1664.446055343844,1983.4510599875841,1567.2555805212448,0.33957928702797885,0.374991411931886
b0291,3656.110543577612,3114.5279711245294,2704.0699198124416,1954.197132380388,1966.479343738944,1314.1429317739107,3158.2361448381944,1744.939802631081,0.8555719610096902,0.01747834909722554
b0292,2184.5061363315035,1633.7855726001042,1816.25733156448,774.4928369393161,1873.9149394834496,1518.6551599852587,1878.1830134986958,1389.020978802675,0.43499892067096574,0.27131872820700875
b0293,1605.0245632481235,2174.4056160882164,4097.752838663933,2199.7193461523875,1363.7822226976148,1755.5653649429591,2625.727672666758,1773.0223112643205,0.5662424820501311,0.3775577157859979
b0294,2019.224450537962,2655.398448897493,1911.742895975588,1321.42850013873,2081.670602368003,2091.694373686363,2195.4552651370145,1831.597825397699,0.2612869040646038,0.3513849490794631
b0295,2929.269395208424,1741.114551822009,1381.4932723309244,1375.3236202350226,2768.7041806198936,2788.250873732936,2017.2924064537856,2310.7595581959504,-0.19585614905487045,0.6802147124647767
b0296,1855.934110356391,1951.7973628872287,3918.971356362285,1656.7759140712174,1622.9625546129985,1162.2774157753847,2575.567609868635,1480.6719614865335,0.7982243758395771,0.24144339209949447
b0297,1559.2236141728051,1705.3382254147073,1353.0507637829348,1898.3058967249733,1324.6994742341838,1646.2221934240206,1539.2042011234826,1623.0758547943926,-0.07649738033380038,0.6933727037143889
b0298,904.070907834551,1802.7293361901395,1655.7603190436814,2323.478510817948,1836.889177781252,1899.3313867548973,1454.186854356124,2019.8996917846991,-0.4737932993494443,0.1696912517759856
b0299,2236.281122242733,1931.921625994284,1655.7603190436814,1878.3447411337536,997.6385791981044,1978.301455074131,1941.3210224268996,1618.0949251353297,0.2625940946468081,0.42693920172823346
b0300,2001.3023400302288,1186.5814925088348,1743.1194524410782,2273.575621839899,2217.4317286093947,1903.3811338481912,1643.6677616600473,2131.4628280991615,-0.37472441806828943,0.16874786492648833
b0301,2172.558062659681,1677.5121937645838,1600.9069097011302,2423.2842887740458,1573.5948723434014,714.7803619663952,1816.992388708465,1570.553174361281,0.21015507215210588,0.676210478085254
b0302,2192.471518779385,2188.3186319132783,1611.0649484682694,1716.659380844876,1322.6424874729507,1589.5257341179042,1997.285033053644,1542.9425341452436,0.3721433259485181,0.12932632480206052
b0303,1660.7822403832945,1160.743034548006,1503.3897375365943,1608.8691406522903,1055.234208512634,2241.535016138242,1441.6383374892982,1635.2127884343888,-0.1816507136240542,0.6431793928541434
b0304,2272.1253432582,870.5572759110045,2216.4840589897626,2870.4141740173623,2651.455935229601,2705.231058320408,1786.3888927196556,2742.367055855791,-0.6180941000144792,0.16983645224322194
b0305,2702.2559954438016,1794.779041432961,1304.292177700667,2782.5850894159967,3227.4122283748984,1998.5501905406009,1933.7757381924766,2669.5158361104986,-0.4649520875878634,0.24927886654908107
b0306,1756.3668297578722,2315.523348028128,2358.696601729711,2267.5872751625334,1374.0671565037808,2389.350785043474,2143.528926505237,2010.3350722365958,0.09250733286628393,0.7435139574921081
b0307,1035.499718224596,1872.294415315448,1970.659520824995,2570.99684014907,1923.2826217530464,2782.1762530929946,1626.1512181216797,2425.485238331704,-0.5765197503459116,0.1133212708606009
b0308,1947.5360085070288,2297.6351848244776,3626.4198398686767,1598.888562856681,1783.4075219891886,2085.6197530464224,2623.8636777333945,1822.638612630764,0.5254226369744065,0.253998692461876
b0309,1405.890002051086,2086.952373759257,1633.4126337559755,1586.9118695019492,1900.6557673794807,1073.1829797229163,1708.7516698554398,1520.2502055347823,0.1685293405347591,0.5810309984682629
b0310,2345.8051309011034,2554.032190743472,2641.090079456179,3764.6739445039952,2198.918847758296,1966.1522137942484,2513.642467033585,2643.2483353521798,-0.07250438273369657,0.8407967276622906
b0311,1523.3793931573382,2098.877815895024,1519.642599564017,1832.434083273949,1713.4699721072595,1939.8288576878372,1713.9666028721265,1828.5776376896818,-0.09333015565589657,0.6201544969186056
b0312,2347.796476513074,1411.1773193991166,1552.1483236188624,3457.272148399215,2488.953981092178,1536.879021905082,1770.3740398436846,2494.368383798825,-0.49438393116188234,0.3307436494360515
b0313,1437.751531842612,1303.848340177212,2133.1881410992214,2030.049523627022,1921.2256349918127,1425.5109768394964,1624.9293377063484,1792.262045152777,-0.14132176145714587,0.628414589241772
b0314,1881.821603312006,1918.008610169222,1826.4153703316197,2175.765959442924,2805.729942322091,1854.784168728663,1875.4151946042828,2278.7600234978927,-0.28090288015854287,0.28503292406804404
b0315,2979.053035507684,1739.1269781327144,1019.8670922207708,2223.672732861851,2353.1928548507863,2672.8330815740555,1912.6823686203898,2416.566223095564,-0.33720401682270107,0.4737376519992127
b0316,1362.0803985877378,3283.4717347145643,2504.972359976515,2111.890261551021,1098.430930498531,1174.4266570552668,2383.5081644262723,1461.582616368273,0.7051736024662395,0.24293595030062132
b0317,1658.790894771324,1788.8163203650774,2202.262804715768,2209.6999239479974,2133.095271398833,3154.7529856760443,1883.2900066173897,2499.182727007625,-0.4080125149527391,0.19396339649615213
b0318,1869.873529640184,1947.82221550864,2401.360364551695,1962.181594616876,2855.097624591688,1903.3811338481912,2073.0187032335066,2240.220117685585,-0.11185544343957636,0.6645281642362925
b0319,1294.374647780745,2418.877179871444,3057.5696689088845,3056.0529210157038,1421.3778520121443,1808.2120771557816,2256.940498853691,2095.214283394543,0.10722126631535156,0.8317867970380133
b0320,1385.9765459313824,874.5324232895935,1952.3750510441448,1552.977904996876,1139.5706657231954,1935.7791105945437,1404.2946734217069,1542.7758937715382,-0.13559065724408226,0.7400148850639316
b0321,2168.57537143574,1226.332966294725,3388.721732717621,1429.2187403313153,1341.1553683240495,1399.1876207330852,2261.2100234826953,1389.85390979615,0.7017619828605982,0.2984092579162796
b0322,1539.3101580531013,2512.2931432682867,1984.8807750989904,2708.7288137284845,1199.2232817989584,1623.9485844109035,2012.1613588067928,1843.966893312782,0.1258678833852392,0.7697704423701225
b0323,1913.683133103532,1892.170152208393,1574.4960089065682,1770.5545009411685,1343.2123550852828,2170.664442005597,1793.4497647394976,1761.477099344016,0.02593702371255921,0.9113719180251671
b0324,2616.628134129075,1918.008610169222,1440.4098971803317,1459.1604737181444,2719.336498350297,1160.252542228738,1991.6822138262096,1779.583171432393,0.16236182655034245,0.7380479220088244
b0325,2164.5926802118,1423.102761534884,1558.2431468791458,2301.521239667607,1682.6151706887615,1247.3221047345594,1715.3128628752766,1743.8195050303093,-0.02376524031785541,0.9442985014637347
b0326,906.0622534465214,2536.144027539821,1151.9215961935795,1644.7992207164857,3974.098422702552,1947.9283518744253,1531.3759590599739,2522.2753317644874,-0.719527340103423,0.3349403775359609
b0327,2023.207141761903,2245.95826890282,3486.2389048821565,2700.744351491997,1182.7673877090926,3008.96209031746,2585.1347718489596,2297.491276506183,0.1701102699270131,0.7126900029779645
b0328,1688.6610789508793,1574.1583619212684,2486.6878901956643,2610.9191513315086,2511.580835465743,1820.361318435664,1916.5024436892706,2314.287101744305,-0.27196268627353537,0.3550676484493566
b0329,2144.6792240920954,1818.6299257044957,2882.851402114092,1964.1777101759976,2098.1264964578686,1299.9688169473816,2282.053517303561,1787.4243411937493,0.35227559152690036,0.287440469567604
b0330,2256.194578362437,1345.5873876523972,912.1918812890956,1427.2226247721933,2532.150703078075,1636.0978256907856,1504.65794910131,1865.1570511803511,-0.3096763448993974,0.5280922662176931
b0331,2628.576207800897,2118.753552787969,2921.45194942922,2255.6105818078017,3223.2982548524315,941.5661991908604,2556.2605700060285,2140.158345283698,0.25620767888835316,0.6024931156283342
b0332,2481.2166325150893,3545.8314617014425,1493.231698769455,1457.1643581590226,1991.163184873742,2486.5447152825304,2506.759930995329,1978.2907527717653,0.34141568871354855,0.4846409206729373
b0333,4062.3450484195687,1816.642352015201,2092.555986030665,1736.620536436095,1398.7509976385793,2016.774052460424,2657.1811288218114,1717.381862178366,0.6293887427814207,0.31389027465967445
b0334,3287.711605363092,1617.884983085748,1672.0131810711043,1946.2126701439,1867.7439791997497,1931.7293635012493,2192.5365898399814,1915.2286709482996,0.1949890380925681,0.6631117193362213
b0335,1595.0678351882718,2621.609696179486,2147.4093953732167,2277.567852958144,1458.403613714342,2344.80356701724,2121.362308913658,2026.9250112299087,0.06566665481151124,0.8296769858100879
b0336,2098.878275016777,1864.3441205582697,2582.173454606772,1948.208785703022,2772.81815414236,1350.590655613557,2181.798616727273,2023.8725318196464,0.10834794311153066,0.7557967805425266
b0337,1925.6312067753545,2373.1629850176696,1984.8807750989904,2569.000724589948,2106.3544435028016,2032.9730408336,2094.5583222973382,2236.10940297545,-0.09430113704574315,0.5538660624409559
b0338,1244.5910074814851,2750.8019859836304,1332.7346862486563,970.112161733267,1952.0804364103112,2006.6496847271887,1776.0425599045905,1642.947427623589,0.11231407080952184,0.8347093648393746
b0339,1603.0332176361533,2750.8019859836304,2283.5271148528814,1602.8807939749247,1878.028913005916,1984.376075714072,2212.454106157555,1821.7619275649706,0.28017331875618123,0.3637758546192306
b0340,2369.7012782447487,3398.7510086936472,3486.2389048821565,1796.5040032097538,2478.669047286012,1992.47556990066,3084.8970639401846,2089.216206798809,0.5620377599960135,0.09000570308316337
b0341,2566.844493829816,1876.2695626940367,1416.0306041391975,2842.468556189655,2855.097624591688,2595.887886801469,1953.048220221017,2764.4846891942707,-0.5010662854925981,0.12865567959275476
b0342,1945.544662895058,1611.922262017864,1674.044788824532,2191.7348839158994,1341.1553683240495,1417.4114826529085,1743.8372379124846,1650.100578297619,0.07966445907125654,0.7713887964127194
b0343,1397.9246196032043,2750.8019859836304,1714.6769438930887,2046.0184480999972,4498.630046817019,2518.942692028883,1954.4678498266412,3021.1970623152997,-0.6280839178030491,0.2984666505449009
b0344,1883.8129489239764,989.8116972686764,1649.665495783398,1359.354695762047,1707.29901182356,2794.325494372876,1507.7633806586837,1953.659733986161,-0.3735509201272826,0.43897103681891575
b0345,1531.3447756052196,2325.461216474601,1239.2807295909763,1680.729300780681,2437.529312061348,2286.0822341644766,1698.6955738902655,2134.780282335502,-0.3294868641075111,0.3412830174581045
b0346,1750.392792921961,2084.9648000699626,2033.639361181258,1027.9995129478036,1884.199873289616,1838.5851803554867,1956.3323180577272,1583.5948555309687,0.3047746955663934,0.31213964659398497
b0347,2574.809876277697,1912.0458891013384,1893.4584261947375,1696.6982252536563,2100.183483219102,1158.2276686820908,2126.7713971912576,1651.7031257182832,0.3645155620917489,0.25215469459922496
b0348,1431.777495006701,1975.6482471587635,1068.6256783030387,2976.208298650826,1655.8743427927295,2294.1817283510645,1492.0171401561677,2308.75478993154,-0.6295089711900291,0.16168648367654134
b0349,1587.1024527403902,1184.5939188195402,1704.5189051259497,1720.65161196312,2009.676065724841,3221.573812715396,1492.0717588952932,2317.300496801119,-0.6347840749153787,0.20757232775432893
b0350,1851.9514191324504,1997.5115577410031,2844.250854798962,2105.901914873656,1550.9680179698364,1937.8039841411903,2231.237943890805,1864.8913056615609,0.25862587158324596,0.37145429314381456
b0351,3317.581789542648,1876.2695626940367,1491.2000910160275,1640.8069895982417,3301.463751779293,1909.455754488132,2228.3504810842373,2283.9088319552225,-0.035513159101116715,0.9450742773547782
b0352,1997.319648806288,1437.0157773599456,1196.616966768992,864.3180370998037,1620.9055678517657,890.9443605246853,1543.650797645075,1125.3893218254182,0.4555751595831891,0.289903110466457
b0353,2509.095471082675,2895.894865302131,2135.219748852649,3345.489677088386,1345.2693418465158,1846.6846745420748,2513.4033617458185,2179.1478978256587,0.20579009762870776,0.6436416620622288
b0354,2200.4369012272664,1011.675007850916,1326.6398629883731,1928.2476301118024,1682.6151706887615,1198.725139615031,1512.9172573555186,1603.1959801385317,-0.08356404511952635,0.8406788880235876
b0355,1931.6052436112652,2981.360533941796,2137.251356606077,1996.1155591219483,1195.109308276492,1293.8941963074406,2350.072378053046,1495.0396879019602,0.652170504745191,0.10826902856186801
b0356,2098.878275016777,1468.816956388658,1986.9123828524175,2924.3092941136547,4153.056270929841,2525.017312668824,1851.5358714192844,3200.7942925707735,-0.7893791429110399,0.0955079437422225
b0357,2578.792567501638,1419.1276141562948,1346.9559405226514,1696.6982252536563,1762.8376543768566,1901.356260301544,1781.6253740601949,1786.964046644019,-0.00431417970178816,0.9906017057966394
b0358,2652.472355144542,1663.599177939522,2529.3516530176485,1473.133282631998,1378.1811300262473,1593.5754812111984,2281.807728700571,1481.629964623148,0.6226507782251001,0.11859761336520018
b0359,1435.7601862306417,1423.102761534884,1856.8894866330368,3103.9596944346304,1869.8009659609831,1862.883662915251,1571.917478132854,2278.8814411036215,-0.535515820106957,0.22267859194602474
b0360,2650.4810095325715,1208.4448030910746,1552.1483236188624,1674.7409541033148,1752.5527205706906,2083.5948794997757,1803.691378747503,1836.9628513912603,-0.02635546525878406,0.9472305052853163
b0361,1822.0812349528944,2969.4350918060286,3004.747867319761,2016.0767147131685,4270.304516320133,2340.7538199239457,2598.7547313595614,2875.711683652416,-0.1460451137489953,0.7523462862402407
b0362,2212.3849748990883,1373.4134193025209,2537.47808403136,1477.125513750242,2848.9266643079886,2411.624394056591,2041.0921594109896,2245.8921907049403,-0.13788292711728234,0.7207192004278236
b0363,2465.2858676193264,2607.696680354424,1828.4469780850472,2155.8048038517045,1803.9773896015208,1295.9190698540876,2300.476508686266,1751.9004211024376,0.3928156752609974,0.18811636035604434
b0364,1881.821603312006,2764.7150018086923,1168.1744582210022,1678.7331852215586,1485.144441610374,2045.1222821134825,1938.2370211139003,1736.333302981805,0.15861458805682924,0.7130860530251918
b0365,2315.9349467215484,1733.1642570648307,1714.6769438930887,2099.9135681962903,1941.7955026041448,1873.0080306484856,1921.2587158931558,1971.5723671496405,-0.03727570809032125,0.8280237441443402
b0366,2347.796476513074,1661.6116042502276,1984.8807750989904,1652.7836829529735,1614.7346075680657,1860.858789368604,1998.0962852874309,1709.4590266298812,0.22496441497724817,0.2807210536658607
b0367,1320.26214073636,1427.077908913473,1164.1112427141468,1568.9468294698515,3114.277956507072,3434.185535113332,1303.81709745466,2705.8034403634188,-1.0527425359336007,0.1329644668334008
b0368,1457.6649879623158,2154.5298791952714,2053.9554387155363,2303.517355226729,1357.611262413915,1368.81451753338,1888.7167686243745,1676.6477117246748,0.17173022215624487,0.6113283654405798
b0369,1172.9025654505515,1615.8974093964534,2049.8922232086807,1852.3952388651685,1713.4699721072595,1873.0080306484856,1612.897399351895,1812.9577472069711,-0.16859198657597274,0.5141805914450857
b0370,1593.0764895763016,2291.672463756593,1227.0910830704097,2948.262680823118,2196.861860997062,1200.7500131616782,1703.9466788011014,2115.2915183272858,-0.31181175129630045,0.5342921160726682
b0371,1788.2283595493982,2476.5168168609853,1196.616966768992,2197.7232305932653,1168.3684803804604,2632.335610641115,1820.4540477264584,1999.4757738716137,-0.13525255875819558,0.7696405711423051
b0372,1899.7437138197397,3619.37168820534,1682.1712198382434,1654.7797985120956,1555.081991492303,1595.6003547578457,2400.428873954441,1601.820714920748,0.5832800186990852,0.32220038281602903
b0373,1389.959237155323,1524.4690196889048,2035.6709689346856,1596.8924472975589,2774.875140903593,1759.615112036253,1650.0330752596376,2043.7942334124682,-0.3085866506642528,0.41431958240929273
b0374,2122.7744223604213,1530.4317407567887,2862.535324579813,2379.3697464733627,1882.1428865283824,1998.5501905406009,2171.913829232341,2086.6876078474484,0.05772511333021012,0.8518150887755991
b0375,3496.802894619981,2548.0694696755886,526.186408137808,1766.5622698229247,1758.72368085439,3006.9372167708125,2190.3529241444594,2177.4077224827092,0.008547851649311603,0.9902219745204844
b0376,1935.5879348352064,3673.036177816293,2543.572907291644,2397.33478650546,1647.646395747797,1569.2769986514345,2717.3990066477145,1871.4193936348972,0.5378536174548484,0.23648752571708423
b0377,1937.5792804471769,2029.312736769716,2023.481322414119,1698.6943408127784,1931.5105687979792,2816.5991033859937,1996.7911132103372,2148.934670998917,-0.10588707757371218,0.6992104181467383
b0378,1119.1362339273517,1977.635820848058,1342.8927250157958,2497.140564461558,2949.719015608416,2749.778276346642,1479.8882599304018,2732.2126188055386,-0.8841349061087356,0.02301003984098988
b0379,1614.9812913079754,1047.4513342582177,2706.1015275658697,2295.532892990241,1390.5230505936463,1806.1872036091347,1789.5113843773543,1830.7477157310075,-0.03284912498586532,0.9451101485738628
b0380,2146.670569704066,1993.5364103624145,2488.719497949092,1509.063362696193,2094.0125229354026,3330.9169842343344,2209.642159338524,2311.3309566219764,-0.06488238861216353,0.869930758094137
b0381,1499.4832458136937,1522.4814459996103,2171.7886884143504,1562.9584827924857,2124.8673243539006,1358.690149800145,1731.2511267425514,1682.1719856488437,0.04146549660144187,0.8847782116931217
b0382,1039.4824094485366,4366.699395380084,1645.6022802765424,2874.406405135606,3291.1788179731275,2972.5143664778134,2350.594695035054,3046.033196528849,-0.3737657894121703,0.5676533146805075
b0383,2309.960909885637,2414.9020324928547,2021.4497146606911,2592.954111299411,382.5995375893761,2761.927517626524,2248.7708856797276,1912.4937221717707,0.23356891857331544,0.7051543149945151
b0384,1364.071744199708,2249.9334162814084,1653.7287112902538,2079.9524126050705,2410.788484165316,2152.440580085773,1755.9112905904567,2214.39382561872,-0.3345218371746597,0.2139073526275368
b0385,1628.9207105917685,3565.707198594388,2730.480820607004,2513.1094889345336,1836.889177781252,2897.5940452518744,2641.7029099310535,2415.8642373225534,0.12887781295989503,0.7470174244741297
b0386,1642.8601298755607,1337.6370928952192,1737.0246291807948,2077.9562970459488,2491.010967853411,1364.7647704400858,1572.5072839838583,1977.910678446482,-0.3307226382333929,0.3447880266851325
b0387,1535.3274668291606,1639.7482936679878,1442.4415049337592,2742.662778233557,2054.9297744719715,1385.013505906556,1539.1724218103027,2060.868686204028,-0.4208605858070487,0.31389437544531656
b0388,2536.97430965026,2583.8457960828896,1405.8725653720585,1966.1738257351196,1468.688547520508,4296.78166598496,2175.564223701736,2577.2146797468627,-0.24431980709671883,0.7041382247390829
b0389,1427.7948037827605,1659.624030560933,1883.3003874275985,1874.3525100155096,2663.797855797,2101.8187414195986,1656.9064072570973,2213.3230357440357,-0.4175031389551488,0.1262188843358474
b0390,1969.4408102387029,1782.853599297194,1739.0562369342226,2191.7348839158994,3702.576170219768,2630.3107370944685,1830.45021549004,2841.540597076712,-0.634194469146902,0.14995531542824012
b0391,1268.48715482513,1653.6613094930494,1714.6769438930887,1333.4051934934616,1246.5339773073222,1364.7647704400858,1545.608469403756,1314.9013137469565,0.23305672058517615,0.23641845201674597
b0392,3058.706859986499,2126.703847545148,1546.0535003585787,2451.229906601753,2248.2865300278927,2747.753402799995,2243.821402630075,2482.42327980988,-0.14572950929122236,0.6500268454890777
b0393,1537.3188124411308,1914.033462790633,1840.636624605614,2052.006794777363,1750.495733809457,1435.6353445727314,1763.9962999457928,1746.0459577198508,0.014747598871555053,0.9372415786801381
b0394,1429.7861493947305,2001.486705119592,2039.7341844415416,1968.1699412942412,2096.069509696636,1461.9587006791426,1823.669012985288,1842.0660505566732,-0.014472985099779621,0.9501256697579986
b0395,1370.0457810356193,1546.3323302711449,1444.4731126871873,3032.09953430624,2312.053119626122,2883.419930425345,1453.6170746646505,2742.5241947859026,-0.9153908825727655,0.023008960273484654
b0396,2218.3590117349995,1645.7110147358717,1767.4987454822124,1818.4612743600956,2396.389576836684,1555.1028838249051,1877.1895906510279,1923.3179116738947,-0.03500446204366831,0.8873336851621463
b0397,2224.333048570911,2736.888970158569,1243.343945097832,1878.3447411337536,2013.7900392473075,2296.206601897712,2068.188654609104,2062.7804607595913,0.0037756773314312005,0.9914658757599824
b0398,1471.6044072461084,2661.3611699653766,1814.2257238110524,2004.1000213584368,2342.9079210446203,2980.6138606644013,1982.3971003408458,2442.5406010224865,-0.30099952443799055,0.3713220784203085
b0399,2102.860966240718,2488.442258996753,2094.587593784093,3285.6062103147274,1314.4145404280175,1577.3764928380222,2228.630273007188,2059.1324145269223,0.11406742673658425,0.8116924876007644
b0400,1740.436064862109,2506.330422200403,849.212040932833,1960.1854790577536,2207.1467948032287,2672.8330815740555,1698.6595093317817,2280.055118478346,-0.42445554575025785,0.35392280809601834
b0401,844.3305394754397,2283.722168999416,3514.681413430146,860.3258059815599,3412.5410368858866,2101.8187414195986,2214.2447073016674,2124.895194762348,0.05939560037946086,0.9372926923475592
b0402,1583.1197615164494,2524.2185854040536,4091.6580154036506,2173.769843883802,1717.583945629726,2407.5746469632973,2732.998787441384,2099.6428121589415,0.38018173234126545,0.48167740458766495
b0403,1855.934110356391,1337.6370928952192,1479.0104444954604,2455.2221377199967,2336.7369607609207,1346.540908520263,1557.5272159156902,2046.1666690003933,-0.3934452150331916,0.300251105168617
b0404,2953.1655425520685,2613.659401422308,3236.3511512105333,1473.133282631998,2065.2147082781376,1277.6952079342643,2934.392031728303,1605.3477329481332,0.8697689600857168,0.012960022513669404
b0405,1736.4533736381686,3144.341576463948,1694.3608663588104,2578.9813023855577,2762.533220336194,3233.723053995278,2191.718605486976,2858.4125255723434,-0.3829980907479621,0.29655113740479255
b0406,2094.8955837928365,1099.1282501798755,1283.9761001663887,2928.3015252318987,2320.2810666710548,1792.0130887826056,1492.6666447130337,2346.8652268951864,-0.652491392098491,0.13000939823860166
b0407,3223.98854578004,1663.599177939522,3303.394207073652,2169.7776127655584,1250.6479508297884,1757.5902384896065,2730.327310264405,1726.005267361651,0.6613297276082793,0.19279721293267396
b0408,2136.713841644214,1295.898045420034,1865.015917646748,1664.7603763077052,2114.5823905477346,969.9144288439188,1765.8759349036652,1583.085731899786,0.15755032416637202,0.6841364783644095
b0409,1489.526517753842,2790.553459769521,1007.6774457002036,1684.7215318989247,1497.486362177773,2794.325494372876,1762.5858077411888,1992.177796149858,-0.17655863552315879,0.749840310244937
b0410,1256.5390811533075,2400.9890166677933,1663.8867500573929,3131.905312262337,2748.1343130075616,1844.659800995428,1773.8049492928312,2574.8998087551086,-0.5374159985777475,0.19090976961926293
b0411,2459.311830783415,1719.2512412397691,1968.6279130715675,1868.364163338144,2836.584743740589,2737.62903506676,2049.0636616982506,2480.8593140484977,-0.27575262640734716,0.3220774984453797
b0412,1451.6909511264048,1902.1080206548656,1875.1739564138877,1860.3797011016563,2497.1819281371104,1140.0038067622677,1742.9909760650528,1832.5218120003447,-0.07222485359099318,0.846493798801205
b0413,1738.4447192501389,2561.98248550065,1515.5793840571612,2419.292057655802,1697.014078017394,2251.659383871477,1938.6688629359835,2122.6551731815575,-0.13073914978023876,0.6614203136128552
b0414,2021.215796149932,1939.8719207514616,2279.4638993460253,2808.5345916845818,1108.715864304697,1696.8440320901962,2080.183872082473,1871.364829359825,0.1525428617295899,0.7185341547727699
b0415,916.0189815063734,1770.928157161427,2139.282964359505,1790.515656532388,1417.263878489678,3673.1206136176793,1608.7433676757685,2293.6333828799147,-0.5114329645136814,0.44786740666671837
b0416,1336.1929056321228,2067.076636866312,1420.0938196460534,1463.1527048363885,3132.790837358171,2180.788809738832,1607.787787381496,2258.910783977797,-0.4902917844984452,0.3148526770823886
b0417,1290.3919565568042,1890.1825785190983,2423.708049839401,1854.3913544242905,2964.117922937048,3417.9865467401564,1868.0941949717678,2745.4986080338317,-0.555254283625174,0.20528066004139092
b0418,1828.0552717888056,1981.6109682266467,1708.582120632805,2602.934689095021,2153.665139011165,1713.0430204633722,1839.4161202160858,2156.5476161898528,-0.22936040125881296,0.34265807401436205
b0419,2238.272467854704,2909.807881127193,2257.116214058319,1936.2320923482905,1900.6557673794807,2484.519841735884,2468.398854346739,2107.135900487885,0.22819200470593223,0.2831957229859711
b0420,3060.698205598469,2532.168880161232,1578.559224413424,2361.4047064412653,1859.516032154817,2616.1366222679394,2390.475436724375,2279.019120288007,0.06885505030777661,0.8338757181247095
b0421,1686.669733338909,1458.8790879421854,2070.2083007429587,2960.23937417785,1954.1374231715445,1792.0130887826056,1738.585707341351,2235.463295377333,-0.36247532056680537,0.311610463307037
b0422,2049.0946347175177,2084.9648000699626,1901.584857208449,2501.132795579802,1824.5472572138528,1787.9633416893114,2011.8814306653096,2037.881131494322,-0.018515475043563975,0.9222289690121478
b0423,2186.4974819434738,1705.3382254147073,2557.794161565638,1544.9934427603882,1365.8392094588478,1054.9591178030932,2149.8766229746066,1321.930590007443,0.7011874023604727,0.057494304099368516
b0424,3421.131761365107,2329.43636385319,1816.25733156448,1247.572224451218,1324.6994742341838,1447.7845858526134,2522.2751522609256,1340.0187615126717,0.9119681131601608,0.12768547495141416
b0425,1650.825512323442,3088.6895131637007,2435.897696359968,2640.860884718338,1836.889177781252,1873.0080306484856,2391.8042406157033,2116.9193643826916,0.1760547097717936,0.6109342306411399
b0426,2891.4338285809868,2307.57305327095,1546.0535003585787,1109.8402508718036,1563.3099385372354,1644.1973198773735,2248.3534607368383,1439.115836428804,0.6433255220951084,0.1619360575381506
b0427,1059.3958655682404,2524.2185854040536,2354.633386222855,1626.8341806843882,1873.9149394834496,2028.9232937403056,1979.4159457317164,1843.2241379693812,0.10278946610681557,0.7994507237927204
b0428,2100.869620628748,2699.125070061973,1718.7401593999443,1732.6283053178515,1803.9773896015208,1868.958283555192,2172.9116166968884,1801.8546594915215,0.27001019095608936,0.32250168022143133
b0429,3122.4299195695507,1367.450698234637,1127.5423031524456,1608.8691406522903,1769.008614660556,2057.271523393364,1872.4743069855442,1811.7164262354036,0.04756293897413529,0.9326482820779066
b0430,2529.0089272023783,1609.9346883285698,2760.9549369084216,2036.037870304388,1857.459045393584,1607.7495960377275,2299.9661841464567,1833.7488372452333,0.32665719840954,0.31561660726685614
b0431,1431.777495006701,2730.926249090685,1196.616966768992,2319.4862796997045,1834.8321910200184,2205.087292298596,1786.440236955459,2119.8019210061066,-0.24671487589582253,0.5632431178587813
b0432,1389.959237155323,1681.487341143173,1164.1112427141468,4141.939785178043,1731.9828529583583,1409.31198846632,1411.8526070042144,2427.7448755342407,-0.7815999845632522,0.35965377509719043
b0433,2373.683969468689,1343.5998139631026,2738.607251620715,1710.67103416751,1762.8376543768566,2219.261407125125,2151.9636783508354,1897.5900318898305,0.1813955669249348,0.6155616269444008
b0434,2168.57537143574,3184.093050249838,1342.8927250157958,2024.061176949656,1402.8649711610456,2518.942692028883,2231.8537155671247,1981.9562800465283,0.17123586715178088,0.7128105052330578
b0435,2210.393629287118,2635.522712004548,1826.4153703316197,1650.7875673938518,1769.008614660556,2140.291338805892,2224.110570541095,1853.362506953433,0.2629537263457913,0.2628126012006212
b0436,2270.133997646229,3017.136860349098,1830.4785858384748,1992.1233280037047,1828.661230736319,2057.271523393364,2372.5831479446006,1959.3520273777958,0.27595384158831726,0.3549222264374181
b0437,2276.1080344821403,1653.6613094930494,2208.3576279760514,2511.113373375412,2256.5144770728257,1459.9338271324957,2046.042323983747,2075.8538925269113,-0.020858794234552065,0.9408364992999586
b0438,1274.461191661041,1303.848340177212,1409.9357808789143,2608.923035772387,2655.569908752067,2304.3060960842995,1329.4151042390558,2522.933013536251,-0.9237971681825888,0.003979417694677804
b0439,1595.0678351882718,1095.1531028012864,1797.97286178363,1678.7331852215586,2896.237359816352,1204.7997602549722,1496.0645999243961,1926.5901017642943,-0.36466182136540126,0.49395831312768823
b0440,1467.6217160221677,2192.2937792918674,1980.8175595921343,868.3102682180477,3416.655010408353,3164.87735340928,1880.2443516353899,2483.280877345227,-0.40114104628139885,0.5387173383736903
b0441,1156.9718005547888,1381.3637140596989,1897.5216417015931,1654.7797985120956,2419.016431210249,2557.415289415176,1478.6190521053602,2210.403839712507,-0.5797367273556682,0.11319512209379796
b0442,2098.878275016777,2323.4736427853063,1247.4071606046878,1529.0245182874128,1908.883714424414,2120.042603339421,1889.9196928022568,1852.6502786837493,0.028719011734327393,0.9261650639997142
b0443,3068.6635880463505,1120.9915607621151,2848.314070305818,1626.8341806843882,2279.1413314463907,1785.9384681426643,2345.989739704761,1897.3046600911478,0.30609998490744517,0.5486242961903136
b0444,2853.59826195355,1796.7666151222556,2415.58161882569,2091.929105959802,1121.0577848720966,1826.435939075605,2355.315498633832,1679.807609969168,0.48737812257657276,0.18474322416609884
b0445,1628.9207105917685,1329.686798138041,2216.4840589897626,2417.29594209668,1602.3926870006665,2342.7786934705928,1725.0305225731906,2120.8224408559795,-0.29784595625309485,0.3428063734841457
b0446,1628.9207105917685,1641.735867357282,1647.6338880299702,3313.5518281424347,2435.4723253001143,2978.588987117754,1639.4301553263401,2909.204380186768,-0.8270463059777687,0.03822569820784377
b0447,3492.8202033960406,1605.9595409499807,1017.8354844673428,2387.3542087098504,1164.254506857994,2120.042603339421,2038.8717429377882,1890.5504396357549,0.10890919804397602,0.8703821581172532
b0448,2532.9916184263197,1715.2760938611798,2305.8748001405875,1752.589460909071,682.9196047294239,2286.0822341644766,2184.7141708093623,1573.8637666009906,0.4728777160532125,0.3331245398231076
b0449,2664.420428816364,1176.643624062362,2007.228460386696,2539.0589912031187,3486.5925602902817,1818.3364448890168,1949.4308377551406,2614.662665460806,-0.42338365124867283,0.3627014610824852
b0450,1756.3668297578722,2997.2611234561523,1903.6164649618768,1648.7914518347295,2776.9321276648266,2352.903061203828,2219.0814727253005,2259.5422135677945,-0.026056237241394588,0.9408351122455264
b0451,2803.8146216542905,2039.250605216188,1789.8464307699182,1792.51177209151,1402.8649711610456,1059.0088648963874,2210.9705525467984,1418.1285360496477,0.6403269135573972,0.10805256529791846
b0452,2532.9916184263197,1454.9039405635965,2023.481322414119,1996.1155591219483,2071.385668561837,2346.8284405638865,2003.792293801345,2138.109889415891,-0.09355782368039119,0.7160083486568373
b0453,2294.0301449898743,1478.7548248351309,1401.8093498652026,1658.7720296303394,1711.4129853460263,2178.7639361921847,1724.8647732300694,1849.6496503895169,-0.1007123726355128,0.7288684558254815
b0454,1481.5611353059603,1751.0524202684817,2927.546772689503,1145.7703309359986,2575.3474250639724,2267.8583722446533,2053.3867760879816,1996.3253760815414,0.04063844564138774,0.931225080223361
b0455,1806.150470057132,1293.9104717307391,1737.0246291807948,2600.938573535899,2139.266231682533,2111.943109152833,1612.3618569895552,2284.049304790422,-0.5021552414952566,0.04087981770732342
b0456,344.5027908708752,2243.970695213525,2291.6535458665926,2032.045639186144,1145.741626006895,1907.4308809414847,1626.709010650331,1695.0727153781747,-0.059355214909963545,0.9287919645199488
b0457,2349.7878221250444,2172.418042398922,1905.6480727153048,2141.831994937851,2548.606597167941,1227.0733692680892,2142.6179790797573,1972.503987124627,0.11928838751932837,0.7130194907302068
b0458,1599.0505264122123,1429.0654826027674,1980.8175595921343,1874.3525100155096,1820.433283691386,1101.5312093759744,1669.644522869038,1598.7723343609566,0.06253818370579434,0.825330903312892
b0459,1656.7995491593535,1657.6364568716383,1312.4186087143785,2934.2898719092645,1380.2381167874803,2464.2711062694134,1542.2848715817902,2259.5996983220525,-0.5507011552462165,0.256143398780969
b0460,1433.7688406186712,1733.1642570648307,2464.340204907958,1265.5372644833153,1791.6354690341211,2972.5143664778134,1877.0911008638202,2009.8956999984166,-0.09857120896593428,0.8352242023175893
b0461,1871.8648752521544,1629.810425221515,2151.472610880072,1213.638259946145,1731.9828529583583,1771.7643533161354,1884.3826371179136,1572.4618220735463,0.26091517316795654,0.2564047231407696
b0462,2570.8271850537567,1299.873192798623,1615.1281639751248,2489.1561022250703,1439.890732863243,2099.7938678729515,1828.6095139425015,2009.613567653755,-0.13610005486445348,0.7312301245012549
b0463,1840.003345460628,1645.7110147358717,1572.464401153141,1419.2381625357057,1639.418448702864,3284.3448926614533,1686.059587116547,2114.3338346333408,-0.3263744317686365,0.5433764932955994
b0464,1875.847566476095,2762.7274281193977,1462.7575824680375,1317.4362690204862,2342.9079210446203,2188.88830392542,2033.777525687843,1949.7441646635089,0.06084648027760566,0.8746908428508803
b0465,2803.8146216542905,2269.809153174354,2576.0786313464887,2275.571737399021,1799.863416079054,1603.6998489444336,2549.9008020583774,1893.045000807503,0.4295361889969682,0.06364026699790902
b0466,1413.8553844989674,1494.6554143494868,977.2033293987864,1407.2614691809738,1657.931329553963,2055.246649846717,1295.2380427490803,1706.813149527218,-0.39781945863559126,0.17390041409937118
b0467,2463.294522007356,2500.3677011325194,1570.4327933997129,3291.594556992093,2044.6448406658053,1830.4856861688988,2178.031672179863,2388.908361275599,-0.13326813437219953,0.72251946983616
b0468,2198.445555615296,1615.8974093964534,1889.395210687882,1872.356394456388,2340.850934283387,2014.7491789137769,1901.2460585665438,2075.985502551184,-0.12678727296654638,0.46933908257106866
b0469,1300.348684616656,2295.647611135183,2478.5614591819526,3099.9674633163863,1627.076528135465,1344.516034973616,2024.8525849779307,2023.8533421418224,0.0007117785094628874,0.9988671389828839
b0470,2489.1820149629707,1705.3382254147073,2246.9581752911804,3093.9791166390205,1688.786130972461,1352.6155291602038,2147.1594718896195,2045.1269255905618,0.07020545667152087,0.872910856714969
b0471,2296.021490601845,2086.952373759257,1586.685655427135,1652.7836829529735,1441.9477196244763,3432.160661566685,1989.886506596079,2175.6306880480447,-0.128685663762117,0.8020608743349148
b0472,1495.500554589753,1264.0968663913216,2265.242645072031,748.5433346707307,1415.2068917284448,1737.3415030231365,1674.9466886843686,1300.3639098074373,0.3649518083822972,0.42287663045091456
b0473,1756.3668297578722,2391.05114822132,1113.321048878451,1628.8302962435102,1958.2513966940107,2666.7584609341147,1753.5796756192142,2084.6133846238786,-0.24934628451178262,0.529049258383739
b0474,2067.016745225251,1812.667204636612,3386.690124964193,2704.7365826102405,3013.485605206645,2733.5792879734663,2422.124691608685,2817.2671585967837,-0.21793973253416468,0.5049721756965081
b0475,1268.48715482513,1293.9104717307391,2647.1849027164626,1976.1544035307293,3015.542591967878,2213.1867864851843,1736.5275097574438,2401.6279273279306,-0.46757742920423245,0.3033572649047834
b0476,2994.983800403447,1111.0536923156426,979.234937152214,1369.3352735576568,958.5558307346732,2146.3659594458327,1695.0908099571013,1491.4190212460544,0.18456076204286564,0.8002625798391341
b0477,2608.6627516811936,1264.0968663913216,2718.291174086437,1862.375816660778,3118.3919300295383,1690.769411450255,2197.0169307196506,2223.84571938019,-0.017502797694334857,0.9690058458996275
b0478,2250.2205415265257,1444.9660721171238,1686.234435345099,1870.360278897266,2466.3271267186124,2124.092350432716,1793.8070163295827,2153.593252016198,-0.26358681148037005,0.29495835174420315
b0479,3417.1490701411662,2520.243438025465,2710.1647430727253,1890.3214344884852,1596.221726716967,1512.580539345318,2882.519083746452,1666.3745668502568,0.7902523359716528,0.03222258409581573
b0480,2682.3425393240973,2174.4056160882164,2100.6824170443765,1195.6732199140472,1594.1647399557337,2460.221359176119,2319.14352415223,1750.0197730153002,0.40601867808661685,0.26709426871162173
b0481,2726.152142787446,3374.900124422113,2060.05026197582,2187.742652797656,3404.3130898409536,1779.8638475027235,2720.36750972846,2457.306530047111,0.14666698109740298,0.6935907373198588
b0482,1609.0072544720645,948.072649793491,2399.3287567982675,1684.7215318989247,2449.871232628747,4063.921208120553,1652.1362203546075,2732.8379908827415,-0.7257221410938488,0.2709047904656148
b0483,1971.432155850673,1516.5187249317266,1174.2692814812858,3099.9674633163863,2112.525403786501,2263.80862515136,1554.0733874212285,2492.100497418083,-0.6809583733534473,0.07597601715674418
b0484,1728.4879911902872,1820.61749939379,1682.1712198382434,1834.4301988330708,2795.445008515925,1686.719664356961,1743.7589034741068,2105.5316239019853,-0.2718418803853337,0.40738751675965007
b0485,1939.570626059147,1921.9837575478111,2021.4497146606911,1493.0944382232176,2643.227988184668,1976.276581527484,1961.0013660892164,2037.5330026451231,-0.055205267328441845,0.8401349366728089
b0486,1909.7004418795916,1599.996819882097,2051.923830962108,1930.2437456709245,2032.302920098406,1549.028263184964,1853.8736975745987,1837.191642984765,0.01303376945890926,0.9371176600408401
b0487,2232.2984310187926,1468.816956388658,1651.697103536826,3014.1344942741425,1530.3981503575044,2670.808208027409,1784.270830314759,2405.1136175530187,-0.43056181718592584,0.306198166362203
b0488,2100.869620628748,1260.1217190127325,1208.806613289559,2317.4901641405822,1392.5800373548796,1544.97851609167,1523.2659843103465,1751.682905862377,-0.20145033336550283,0.6045451926062477
b0489,2805.8059672662607,2104.840536962908,1732.9614136739392,928.1937349917062,2044.6448406658053,2638.410231281057,2214.5359726343695,1870.416268979523,0.24352525085447727,0.5976339178626072
b0490,1081.3006672999147,1866.3316942475644,3031.1587681143224,1666.7564918668272,2733.735405678929,1285.794702120853,1992.9303765539341,1895.4288665555366,0.07232977666001485,0.8982896622087254
b0491,1770.306249041665,2275.7718742422376,1523.7058150708726,1113.8324819900474,1855.4020586323504,2907.718412985109,1856.5946461182584,1958.9843178691688,-0.0774063919188494,0.8690518849061766
b0492,2726.152142787446,2321.486069096012,1227.0910830704097,2119.874723787509,1380.2381167874803,4195.537988652609,2091.576431651289,2565.2169430758663,-0.29436281988544194,0.6532547006232838
b0493,2536.97430965026,1929.934052304989,1838.6050168521865,2561.01626235346,2783.103087948526,1516.6302864386118,2101.837792935812,2286.916545580199,-0.12169686021974267,0.705912621635674
b0494,2260.1772695863774,1814.6547783259064,2151.472610880072,2167.781497206436,2198.918847758296,2877.345309785404,2075.4348862641186,2414.681884916712,-0.21832185046083008,0.28904455033987414
b0495,2616.628134129075,3146.329150153242,1519.642599564017,1297.475113429267,1540.6830841636704,2160.5400742723614,2427.533294615445,1666.232757288433,0.5426297368576857,0.25409835777855616
b0496,1656.7995491593535,1037.513465811745,2248.989783044608,1281.5061889562912,2791.331034993459,943.5910727375076,1647.767599338569,1672.1427655624193,-0.02117249336766088,0.9729360142351086
b0497,2375.6753150806594,1786.828746675783,2669.5325880041687,2127.859186023997,1092.2599702148316,1514.6054128919648,2277.345549920204,1578.241523043598,0.5287547446952177,0.15469384000285882
b0498,2742.0829076832088,1862.356546868975,2228.67370551033,852.3413437450721,1962.3653702164772,1417.4114826529085,2277.7043866875047,1410.7060655381526,0.6907740446871391,0.10519542146664967
b0499,1830.0466174007763,1206.45722940178,3031.1587681143224,1962.181594616876,2324.3950401935213,1484.2323096922598,2022.5542049722928,1923.6029815008858,0.07233062619156569,0.8778330947004575
b0500,786.5815167282988,1250.1838505662597,1326.6398629883731,505.0172364578531,2556.8345442128734,1935.7791105945437,1121.1350767609772,1665.8769637550902,-0.5709012689270898,0.46800723264862204
